11/5/2016,Georgia Duct-Ties & Zip-Tape,Georgia,Qualifying Tournament,1,ga,dz,x,ga-dz,GA,D
11/12/2016,Georgia Jungle Rumble,Georgia,Qualifying Tournament,1,ga,jr,x,ga-jr,GA,D
12/3/2016,Arizona Flagstaff,Arizona,Qualifying Tournament,1,az,fl,x,az-fl,AZ,D
12/3/2016,Arkansas Championship,Arkansas,Championship Tournament,1,ar,cmp,x,ar-cmp,AR,D
12/3/2016,Mississippi Gulf Coast,Mississippi,Qualifying Tournament,1,ms,gc,x,ms-gc,MS,D
12/3/2016,Ohio Newark Central,Ohio,Qualifying Tournament,1,oh,ne,x,oh-ne,OH,D
12/3/2016,Utah Park City,Utah,Qualifying Tournament,1,ut,pc,x,ut-pc,UT,D
12/4/2016,Massachusetts Canton,Massachusetts,Qualifying Tournament,1,ma,ca,x,ma-ca,MA,D
12/4/2016,New Jersey Robo-CATastrophe VI,New Jersey,Qualifying Tournament,1,nj,rc,x,nj-rc,NJ,D
12/10/2016,Alaska Anchorage/Mat-Su II,Alaska,Qualifying Tournament,1,ak,an,x,ak-an,AK,D
12/10/2016,Arizona Phoenix,Arizona,Qualifying Tournament,1,az,ph,x,az-ph,AZ,D
12/10/2016,Georgia RoboDragons,Georgia,Qualifying Tournament,1,ga,rd,x,ga-rd,GA,D
12/11/2016,Massachusetts Andover 1,Massachusetts,Qualifying Tournament,1,ma,an,x,ma-an,MA,D
12/11/2016,New York HV Red Hook,New York HV,Qualifying Tournament,1,nyhv,rh,x,nyhv-rh,NY,D
12/13/2016,Alaska Interior,Alaska,Qualifying Tournament,1,ak,in,x,ak-in,AK,D
12/18/2016,Ohio Dayton,Ohio,Qualifying Tournament,1,oh,da,x,oh-da,OH,D
12/17/2016,New York EX Finger Lakes,New York EX,Qualifying Tournament,1,nyex,fl,x,nyex-fl,NY,D
12/17/2016,New Mexico Alamogordo,New Mexico,Qualifying Tournament,1,nm,al,x,nm-al,NM,D
12/17/2016,Mississippi Vicksburg,Mississippi,Qualifying Tournament,1,ms,vi,x,ms-vi,MS,D
12/17/2016,Alaska Southeast,Alaska,Qualifying Tournament,1,ak,se,x,ak-se,AK,D
12/17/2016,Indiana IndySouth,Indiana,Qualifying Tournament,1,in,so,x,in-so,IN,D
10/21/2016,Alaska East Anchorage,Alaska,Qualifying Tournament,1,ak,ea,x,ak-ea,AK,R
10/28/2016,Alaska Dimond,Alaska,Qualifying Tournament,1,ak,di,x,ak-di,AK,R
11/1/2016,Alaska East,Alaska,Qualifying Tournament,1,ak,ea2,x,ak-ea2,AK,R
11/4/2016,Alaska Eagle River,Alaska,Qualifying Tournament,1,ak,er,x,ak-er,AK,R
11/8/2016,Alaska South Anchorage,Alaska,Qualifying Tournament,1,ak,sa,x,ak-sa,AK,R
11/11/2016,Alaska Eagle River 2,Alaska,Qualifying Tournament,1,ak,er2,x,ak-er2,AK,R
11/19/2016,Alaska Southcentral League Championship,Alaska,League Championship,1,ak,lcmpsc,x,ak-lcmpsc,AK,R
11/6/2016,California NorCal Redwood City,California NC,Qualifying Tournament,1,canc,rc,x,canc-rc,CA,D
11/20/2016,California NorCal Saratoga,California NC,Qualifying Tournament,1,canc,sa,x,canc-sa,CA,D
12/3/2016,California NorCal Alameda,California NC,Qualifying Tournament,1,canc,al,x,canc-al,CA,D
12/4/2016,California NorCal Play Space,California NC,Qualifying Tournament,1,canc,ps,x,canc-ps,CA,D
12/10/2016,California NorCal Google,California NC,Qualifying Tournament,1,canc,go,x,canc-go,CA,D
12/11/2016,California NorCal Burlingame,California NC,Qualifying Tournament,1,canc,bu1,x,canc-bu1,CA,D
01/08/2017,California NorCal Carmichael,California NC,Qualifying Tournament,1,canc,ca,x,canc-ca,CA,D
01/14/2017,California NorCal San Jose,California NC,Qualifying Tournament,1,canc,sj,x,canc-sj,CA,D
01/15/2017,California NorCal GitHub,California NC,Qualifying Tournament,1,canc,gh,x,canc-gh,CA,D
01/21/2017,California NorCal Walnut Creek,California NC,Qualifying Tournament,1,canc,wc,x,canc-wc,CA,D
01/21/2017,California NorCal Roseville,California NC,Qualifying Tournament,1,canc,ro,x,canc-ro,CA,D
01/28/2017,California NorCal Cisco,California NC,Qualifying Tournament,1,canc,ci,x,canc-ci,CA,D
01/29/2017,California NorCal Intel Folsom,California NC,Qualifying Tournament,1,canc,if,x,canc-if,CA,D
02/04/2017,California NorCal Daly City,California NC,Qualifying Tournament,1,canc,dc,x,canc-dc,CA,D
02/18/2017,California NorCal Championship,California NC,Championship Tournament,1,canc,cmp,x,canc-cmp,CA,D
12/10/2016,California SD La Jolla Country Day 1,California SD,Qualifying Tournament,1,casd,lj1,x,casd-lj1,CA,R
12/10/2016,California SD Francis Parker 1,California SD,Qualifying Tournament,1,casd,fp1,x,casd-fp1,CA,R
12/10/2016,California SD R Roger Rowe 1,California SD,Qualifying Tournament,1,casd,rr1,x,casd-rr1,CA,R
12/10/2016,California SD Escondido Charter High,California SD,Qualifying Tournament,1,casd,ec,x,casd-ec,CA,R
01/07/2017,California SD La Jolla Country Day 2,California SD,Qualifying Tournament,1,casd,lj2,x,casd-lj2,CA,R
01/07/2017,California SD R Roger Rowe 2,California SD,Qualifying Tournament,1,casd,rr2,x,casd-rr2,CA,R
01/07/2017,California SD Francis Parker 2,California SD,Qualifying Tournament,1,casd,fp2,x,casd-fp2,CA,R
01/07/2017,California SD SET High,California SD,Qualifying Tournament,1,casd,set,x,casd-set,CA,R
01/21/2017,California SD Grauer,California SD,Qualifying Tournament,1,casd,gr,x,casd-gr,CA,R
01/21/2017,California SD Boys and Girls Club,California SD,Qualifying Tournament,1,casd,bg,x,casd-bg,CA,R
01/22/2017,California SD Pacific Ridge,California SD,Qualifying Tournament,1,casd,pr,x,casd-pr,CA,R
01/22/2017,California SD Master Dei,California SD,Qualifying Tournament,1,casd,md,x,casd-md,CA,R
11/12/2016,Hawaii Le Jardin,Hawaii,Qualifying Tournament,1,hi,lj,x,hi-lj,HI,D
11/26/2016,Hawaii Mililani,Hawaii,Qualifying Tournament,1,hi,mi,x,hi-mi,HI,D
01/21/2017,Louisiana New Orleans,Louisiana,Qualifying Tournament,1,la,no,x,la-no,LA,R
11/12/2016,Minnesota Eagan,Minnesota,Qualifying Tournament,1,mn,ea,x,mn-ea,MN,R
11/19/2016,Minnesota Eden Prairie 1,Minnesota,Qualifying Tournament,1,mn,ep1,x,mn-ep1,MN,R
11/20/2016,Minnesota Eden Prairie 2,Minnesota,Qualifying Tournament,1,mn,ep2,x,mn-ep2,MN,R
12/03/2016,Minnesota Columbia Academy 1,Minnesota,Qualifying Tournament,1,mn,ca1,x,mn-ca1,MN,R
12/04/2016,Minnesota Columbia Academy 2,Minnesota,Qualifying Tournament,1,mn,ca2,x,mn-ca2,MN,R
12/10/2016,Minnesota Burnsville 1,Minnesota,Qualifying Tournament,1,mn,bu1,x,mn-bu1,MN,R
12/11/2016,Minnesota Burnsville 2,Minnesota,Qualifying Tournament,1,mn,bu2,x,mn-bu2,MN,R
01/14/2017,Minnesota St. Peter 1,Minnesota,Qualifying Tournament,1,mn,sp1,x,mn-sp1,MN,R
01/15/2017,Minnesota St. Peter 2,Minnesota,Qualifying Tournament,1,mn,sp2,x,mn-sp2,MN,R
01/21/2017,Minnesota North Branch 1,Minnesota,Qualifying Tournament,1,mn,nb1,x,mn-nb1,MN,R
01/22/2017,Minnesota North Branch 2,Minnesota,Qualifying Tournament,1,mn,nb2,x,mn-nb2,MN,R
02/10/2017,Minnesota Championship,Minnesota,Qualifying Tournament,1,mn,cmp,x,mn-cmp,MN,R
01/14/2017,North Carolina Raleigh,North Carolina,Qualifying Tournament,1,nc,ra,x,nc-ra,NC,R
01/21/2017,North Carolina Boone,North Carolina,Qualifying Tournament,1,nc,bo,x,nc-bo,NC,D
10/29/2016,Oklahoma SWOSU,Oklahoma,Qualifying Tournament,1,ok,sw,x,ok-sw,OK,R
11/12/2016,Oklahoma Gordon Cooper,Oklahoma,Qualifying Tournament,1,ok,gc,x,ok-gc,OK,R
11/19/2016,Oklahoma Bishop Kelley,Oklahoma,Qualifying Tournament,1,ok,bk,x,ok-bk,OK,R
11/19/2016,Oregon Beaverton 1,Oregon,Meet,1,or,be1,x,or-be1,OR,R
12/03/2016,Oregon Beaverton 2,Oregon,Meet,1,or,be2,x,or-be2,OR,R
11/19/2016,Oregon Capitol 1,Oregon,Meet,1,or,ca1,x,or-ca1,OR,R
12/03/2016,Oregon Capitol 2,Oregon,Meet,1,or,ca2,x,or-ca2,OR,R
11/17/2016,Oregon Central 1,Oregon,Meet,1,or,ce1,x,or-ce1,OR,R
12/01/2016,Oregon Central 2,Oregon,Meet,1,or,ce2,x,or-ce2,OR,R
11/15/2016,Oregon Columbia Basin A 1,Oregon,Meet,1,or,cba1,x,or-cba1,OR,R
11/29/2016,Oregon Columbia Basin A 2,Oregon,Meet,1,or,cba2,x,or-cba2,OR,R
12/13/2016,Oregon Columbia Basin A 3,Oregon,Meet,1,or,cba3,x,or-cba3,OR,R
11/15/2016,Oregon Columbia Basin B 1,Oregon,Meet,1,or,cbb1,x,or-cbb1,OR,R
11/29/2016,Oregon Columbia Basin B 2,Oregon,Meet,1,or,cbb2,x,or-cbb2,OR,R
12/13/2016,Oregon Columbia Basin B 3,Oregon,Meet,1,or,cbb3,x,or-cbb3,OR,R
11/19/2016,Oregon Hillsboro A 1,Oregon,Meet,1,or,ha1,x,or-ha1,OR,R
11/19/2016,Oregon Hillsboro B 1,Oregon,Meet,1,or,hb1,x,or-hb1,OR,R
11/17/2016,Oregon Mid Columbia 1,Oregon,Meet,1,or,mc1,x,or-mc1,OR,R
12/01/2016,Oregon Mid Columbia 2,Oregon,Meet,1,or,mc2,x,or-mc2,OR,R
11/19/2016,Oregon Mid-Western 1,Oregon,Meet,1,or,mw1,x,or-mw1,OR,R
12/10/2016,Oregon Mid-Western 2,Oregon,Meet,1,or,mw2,x,or-mw2,OR,R
12/10/2016,Oregon Mid-Western 3,Oregon,Meet,1,or,mw3,x,or-mw3,OR,R
11/17/2016,Oregon Portland 1,Oregon,Meet,1,or,po1,x,or-po1,OR,R
12/02/2016,Oregon Portland 2,Oregon,Meet,1,or,po2,x,or-po2,OR,R
11/19/2016,Oregon SOAR 1,Oregon,Meet,1,or,so1,x,or-so1,OR,R
12/10/2016,Oregon SOAR 2,Oregon,Meet,1,or,so2,x,or-so2,OR,R
12/10/2016,Oregon SOAR 3,Oregon,Meet,1,or,so3,x,or-so3,OR,R
11/19/2016,Pennsylvania Eastern,Pennsylvania,Qualifying Tournament,1,pa,ea,x,pa-ea,PA,D
12/3/2016,Pennsylvania Pittsburgh Area,Pennsylvania,Qualifying Tournament,1,pa,pi,x,pa-pi,PA,D
12/10/2016,Pennsylvania Hat Tricks,Pennsylvania,Qualifying Tournament,1,pa,ht,x,pa-ht,PA,D
01/07/2017,Pennsylvania Southeastern,Pennsylvania,Qualifying Tournament,1,pa,se,x,pa-se,PA,D
01/14/2017,Pennsylvania Southwestern,Pennsylvania,Qualifying Tournament,1,pa,sw,x,pa-sw,PA,D
01/21/2017,Pennsylvania Southcentral,Pennsylvania,Qualifying Tournament,1,pa,sc,x,pa-sc,PA,D
01/28/2017,Pennsylvania Philadelphia,Pennsylvania,Qualifying Tournament,1,pa,ph,x,pa-ph,PA,D
02/11/2017,Pennsylvania Lehigh Valley,Pennsylvania,Qualifying Tournament,1,pa,lv,x,pa-lv,PA,D
02/25/2017,Pennsylvania Championship,Pennsylvania,Championship Tournament,1,pa,cmp,x,pa-cmp,PA,D
11/14/2016,Texas AML Clubs M1,Texas AL,Meet,1,txal,amlc1,x,txal-amlc1,TX,D
11/12/2016,Texas AML Diamonds M1,Texas AL,Meet,1,txal,amld1,x,txal-amld1,TX,D
11/14/2016,Texas AML Hearts M1,Texas AL,Meet,1,txal,amlh1,x,txal-amlh1,TX,D
11/12/2016,Texas AML Spades M1,Texas AL,Meet,1,txal,amls1,x,txal-amls1,TX,D
12/03/2016,Texas AML Clubs M2,Texas AL,Meet,1,txal,amlc2,x,txal-amlc2,TX,D
12/03/2016,Texas AML Diamonds M2,Texas AL,Meet,1,txal,amld2,x,txal-amld2,TX,D
12/03/2016,Texas AML Hearts M2,Texas AL,Meet,1,txal,amlh2,x,txal-amlh2,TX,D
12/03/2016,Texas AML Spades M2,Texas AL,Meet,1,txal,amls2,x,txal-amls2,TX,D
01/07/2017,Texas AML Clubs M3,Texas AL,Meet,1,txal,amlc3,x,txal-amlc3,TX,D
01/07/2017,Texas AML Diamonds M3,Texas AL,Meet,1,txal,amld3,x,txal-amld3,TX,D
01/07/2017,Texas AML Hearts M3,Texas AL,Meet,1,txal,amlh3,x,txal-amlh3,TX,D
01/07/2017,Texas AML Spades M3,Texas AL,Meet,1,txal,amls3,x,txal-amls3,TX,D
01/21/2017,Texas AML Spades-Diamonds Championship,Texas AL,Championship Tournament,1,txal,sdcmp,x,txal-sdcmp,TX,D
01/21/2017,Texas AML Clubs-Hearts Championship,Texas AL,Championship Tournament,1,txal,chcmp,x,txal-chcmp,TX,D
12/03/2016,West Virginia Championship,West Virginia,Championship Tournament,1,wv,cmp,x,wv-cmp,WV,R
12/03/2016,Virginia Central D1,Virginia,Qualifying Tournament,1,va,ced1,1,va-ced1,VA,R
12/03/2016,Virginia Central D2,Virginia,Qualifying Tournament,2,va,ced2,2,va-ced2,VA,R
12/17/2016,California LA F2 M1,California LA ,Meet,1,cala,f2m1,x,cala-f2m1,CA,R
01/15/2017,Indiana NorWestIn,Indiana,Qualifying Tournament,1,in,nw,x,in-nw,IN,R
11/12/2016,Illinois Chicago Central M1,Illinois,Meet,1,il,cc1,x,il-cc1,IL,D
11/05/2016,Illinois Chicago North M1,Illinois,Meet,1,il,cn1,x,il-cn1,IL,D
11/19/2016,Illinois Chicago South M1,Illinois,Meet,1,il,cs1,x,il-cs1,IL,D
11/12/2016,Illinois North Central M1,Illinois,Meet,1,il,nc1,x,il-nc1,IL,D
11/12/2016,Illinois North East M1,Illinois,Meet,1,il,ne1,x,il-ne1,IL,D
11/05/2016,Illinois North West M1,Illinois,Meet,1,il,nw1,x,il-nw1,IL,D
11/19/2016,Illinois SouthCentral Central M1,Illinois,Meet,1,il,scc1,x,il-scc1,IL,D
11/12/2016,Illinois SouthCentral South M1,Illinois,Meet,1,il,scs1,x,il-scs1,IL,D
11/12/2016,Illinois West North M1,Illinois,Meet,1,il,wn1,x,il-wn1,IL,D
11/12/2016,Illinois West South M1,Illinois,Meet,1,il,ws1,x,il-ws1,IL,D
11/12/2016,Illinois West West M1,Illinois,Meet,1,il,ww1,x,il-ww1,IL,D
12/10/2016,Illinois Chicago Central M2,Illinois,Meet,1,il,cc2,x,il-cc2,IL,D
12/03/2016,Illinois Chicago North M2,Illinois,Meet,1,il,cn2,x,il-cn2,IL,D
12/17/2016,Illinois Chicago South M2,Illinois,Meet,1,il,cs2,x,il-cs2,IL,D
12/10/2016,Illinois North Central M2,Illinois,Meet,1,il,nc2,x,il-nc2,IL,D
12/03/2016,Illinois North East M2,Illinois,Meet,1,il,ne2,x,il-ne2,IL,D
12/10/2016,Illinois North West M2,Illinois,Meet,1,il,nw2,x,il-nw2,IL,D
12/03/2016,Illinois SouthCentral Central M2,Illinois,Meet,1,il,scc2,x,il-scc2,IL,D
12/17/2016,Illinois SouthCentral South M2,Illinois,Meet,1,il,scs2,x,il-scs2,IL,D
12/03/2016,Illinois West North M2,Illinois,Meet,1,il,wn2,x,il-wn2,IL,D
12/03/2016,Illinois West South M2,Illinois,Meet,1,il,ws2,x,il-ws2,IL,D
12/03/2016,Illinois West West M2,Illinois,Meet,1,il,ww2,x,il-ww2,IL,D
12/17/2016,Illinois Highland Park,Illinois,Qualifying Tournament,1,il,hp,x,il-hp,IL,D
01/14/2017,Illinois Chicago Central M3,Illinois,Meet,1,il,cc3,x,il-cc3,IL,D
01/07/2017,Illinois Chicago North M3,Illinois,Meet,1,il,cn3,x,il-cn3,IL,D
01/21/2017,Illinois Chicago South M3,Illinois,Meet,1,il,cs3,x,il-cs3,IL,D
01/07/2017,Illinois North Central M3,Illinois,Meet,1,il,nc3,x,il-nc3,IL,D
01/14/2017,Illinois North East M3,Illinois,Meet,1,il,ne3,x,il-ne3,IL,D
01/14/2017,Illinois North West M3,Illinois,Meet,1,il,nw3,x,il-nw3,IL,D
01/01/2017,Illinois SouthCentral Central M3,Illinois,Meet,1,il,scc3,x,il-scc3,IL,D
01/21/2017,Illinois SouthCentral South M3,Illinois,Meet,1,il,scs3,x,il-scs3,IL,D
01/21/2017,Illinois West North M3,Illinois,Meet,1,il,wn3,x,il-wn3,IL,D
01/07/2017,Illinois West South M3,Illinois,Meet,1,il,ws3,x,il-ws3,IL,D
02/04/2017,Illinois West West M3,Illinois,Meet,1,il,ww3,x,il-ww3,IL,D
02/11/2017,Illinois SouthCentral League Qualifier,Illinois,Qualifying Tournament,1,il,scq,x,il-scq,IL,D
02/11/2017,Illinois North League Qualifier,Illinois,Qualifying Tournament,1,il,nq,x,il-nq,IL,D
02/12/2017,Illinois West League Qualifier,Illinois,Qualifying Tournament,1,il,wq,x,il-wq,IL,D
02/18/2017,Illinois Chicago League Qualifier,Illinois,Qualifying Tournament,1,il,cq,x,il-cq,IL,D
02/25/2017,Illinois State Championship,Illinois,Championship,1,il,cmp,x,il-cmp,IL,D
12/10/2016,Virginia Northern D1,Virginia,Qualifying Tournament,1,va,nod1,1,va-nod1,VA,D
12/10/2016,Virginia Northern D2,Virginia,Qualifying Tournament,2,va,nod2,2,va-nod2,VA,D
12/17/2016,Virginia Shenandoah,Virginia,Qualifying Tournament,1,va,sh,x,va-sh,VA,D
01/14/2017,Virginia North Central D1,Virginia,Qualifying Tournament,1,va,ncd1,1,va-ncd1,VA,D
01/14/2017,Virginia North Central D2,Virginia,Qualifying Tournament,1,va,ncd2,2,va-ncd2,VA,D
01/28/2017,Virginia Southwest,Virginia,Qualifying Tournament,1,va,sw,x,va-sw,VA,D
02/04/2017,Virginia Eastern D1,Virginia,Qualifying Tournament,1,va,ead1,1,va-ead1,VA,D
02/04/2017,Virginia Eastern D2,Virginia,Qualifying Tournament,1,va,ead2,2,va-ead2,VA,D
02/25/2017,Virginia Championship D1,Virginia,Championship,1,va,cmpd1,1,va-cmpd1,VA,D
02/25/2017,Virginia Championship D2,Virginia,Championship,2,va,cmpd2,2,va-cmpd2,VA,D
12/17/2016,California LA A1 M1,California LA ,Meet,1,cala,a1m1,x,cala-a1m1,CA,D
01/07/2017,California LA A1 M1,California LA ,Meet,1,cala,a1m2,x,cala-a1m2,CA,D
01/21/2017,California LA A1 M3,California LA ,Meet,1,cala,a1m3,x,cala-a1m3,CA,D
12/04/2016,California LA A2 M0,California LA ,Meet,1,cala,a2m0,x,cala-a2m0,CA,D
12/18/2016,California LA A2 M1,California LA ,Meet,1,cala,a2m1,x,cala-a2m1,CA,D
01/08/2017,California LA A2 M2,California LA ,Meet,1,cala,a2m2,x,cala-a2m2,CA,D
01/22/2017,California LA A2 M3,California LA ,Meet,1,cala,a2m3,x,cala-a2m3,CA,D
12/03/2016,California LA B M1,California LA ,Meet,1,cala,bm1,x,cala-bm1,CA,D
12/17/2016,California LA B M2,California LA ,Meet,1,cala,bm2,x,cala-bm2,CA,D
01/14/2017,California LA B M3,California LA ,Meet,1,cala,bm3,x,cala-bm3,CA,D
12/02/2016,California LA C1 M0,California LA ,Meet,1,cala,c1m0,x,cala-c1m0,CA,D
12/16/2016,California LA C1 M1,California LA ,Meet,1,cala,c1m1,x,cala-c1m1,CA,D
01/14/2017,California LA C1 M2,California LA ,Meet,1,cala,c1m2,x,cala-c1m2,CA,D
01/28/2017,California LA C1 M3,California LA ,Meet,1,cala,c1m3,x,cala-c1m3,CA,D
12/03/2016,California LA C2 M0,California LA ,Meet,1,cala,c2m0,x,cala-c2m0,CA,D
12/17/2016,California LA C2 M1,California LA ,Meet,1,cala,c2m1,x,cala-c2m1,CA,D
01/11/2017,California LA C2 M2,California LA ,Meet,1,cala,c2m2,x,cala-c2m2,CA,D
01/21/2017,California LA C2 M3,California LA ,Meet,1,cala,c2m3,x,cala-c2m3,CA,D
12/04/2016,California LA D M0,California LA ,Meet,1,cala,dm0,x,cala-dm0,CA,D
12/18/2016,California LA D M1,California LA ,Meet,1,cala,dm1,x,cala-dm1,CA,D
01/08/2017,California LA D M2,California LA ,Meet,1,cala,dm2,x,cala-dm2,CA,D
01/22/2017,California LA D M3,California LA ,Meet,1,cala,dm3,x,cala-dm3,CA,D
12/02/2016,California LA E M0,California LA ,Meet,1,cala,em0,x,cala-em0,CA,D
12/16/2016,California LA E M1,California LA ,Meet,1,cala,em1,x,cala-em1,CA,D
01/13/2017,California LA E M2,California LA ,Meet,1,cala,em2,x,cala-em2,CA,D
01/27/2017,California LA E M3,California LA ,Meet,1,cala,em3,x,cala-em3,CA,D
12/03/2016,California LA F1 M0,California LA ,Meet,1,cala,f1m0,x,cala-f1m0,CA,D
12/17/2016,California LA F1 M1,California LA ,Meet,1,cala,f1m1,x,cala-f1m1,CA,D
01/07/2017,California LA F1 M2,California LA ,Meet,1,cala,f1m2,x,cala-f1m2,CA,D
01/21/2017,California LA F1 M3,California LA ,Meet,1,cala,f1m3,x,cala-f1m3,CA,D
01/07/2017,California LA F2 M2,California LA ,Meet,1,cala,f2m2,x,cala-f2m2,CA,D
01/21/2017,California LA F2 M3,California LA ,Meet,1,cala,f2m3,x,cala-f2m3,CA,D
12/13/2016,California LA F3 M1,California LA ,Meet,1,cala,f3m1,x,cala-f3m1,CA,D
01/10/2017,California LA F3M2,California LA ,Meet,1,cala,f3m2,x,cala-f3m2,CA,D
01/23/2017,California LA F3M3,California LA ,Meet,1,cala,f3m3,x,cala-f3m3,CA,D
12/03/2016,California LA I M0,California LA ,Meet,1,cala,im0,x,cala-im0,CA,D
01/14/2017,California LA I M1,California LA ,Meet,1,cala,im1,x,cala-im1,CA,D
01/21/2017,California LA I M2,California LA ,Meet,1,cala,im2,x,cala-im2,CA,D
01/28/2017,California LA I M3,California LA ,Meet,1,cala,im3,x,cala-im3,CA,D
10/29/2016,Missouri M1 Octobo-Robo Fest,Missouri,Meet,1,mo,m1,x,mo-m1,MO,D
11/5/2016,Missouri M2 Vive Velocity Vortex!,Missouri,Meet,1,mo,m2,x,mo-m2,MO,D
11/12/2016,Missouri M3 Gator,Missouri,Meet,1,mo,m3,x,mo-m3,MO,D
11/12/2016,Missouri M4 Stover MO Robo Show,Missouri,Meet,1,mo,m4,x,mo-m4,MO,D
11/15/2016,Missouri M5 Eureka,Missouri,Meet,1,mo,m5,x,mo-m5,MO,D
11/19/2016,Missouri M6 Pattonville,Missouri,Meet,1,mo,m6,x,mo-m6,MO,D
11/19/2016,Missouri M7 Turkey Day,Missouri,Meet,1,mo,m7,x,mo-m7,MO,D
12/03/2016,Missouri M8 Engineering Zone,Missouri,Meet,1,mo,m8,x,mo-m8,MO,D
12/03/2016,Missouri M9 NDHS Robofest,Missouri,Meet,1,mo,m9,x,mo-m9,MO,D
12/10/2016,Missouri M10 Roboteer Cadets,Missouri,Meet,1,mo,m10,x,mo-m10,MO,D
12/10/2016,Missouri M11 Kicking it with the Mules,Missouri,Meet,1,mo,m11,x,mo-m11,MO,D
12/10/2016,Missouri M12 STLCC Wildwood Botshow,Missouri,Meet,1,mo,m12,x,mo-m12,MO,D
01/07/2017,Missouri M13 St. Teresa's Academy,Missouri,Meet,1,mo,m13,x,mo-m13,MO,D
01/14/2017,Missouri M15 Rocking Robotics,Missouri,Meet,1,mo,m15,x,mo-m15,MO,D
01/18/2017,Missouri M16 Mid MO,Missouri,Meet,1,mo,m16,x,mo-m16,MO,D
01/21/2017,Missouri M17 Bombers Joebotics,Missouri,Meet,1,mo,m17,x,mo-m17,MO,D
01/22/2017,Missouri M18 MIDCS,Missouri,Meet,1,mo,m18,x,mo-m18,MO,D
01/28/2017,Missouri M19 Girl Scouts,Missouri,Meet,1,mo,m19,x,mo-m19,MO,D
01/28/2017,Missouri M20 Glendale,Missouri,Meet,1,mo,m20,x,mo-m20,MO,D
01/28/2017,Missouri M21 Olathe Northwest,Missouri,Meet,1,mo,m21,x,mo-m21,MO,D
01/28/2017,Missouri M22 Pattonville,Missouri,Meet,1,mo,m22,x,mo-m22,MO,D
02/04/2017,Missouri M23 Science Center Botshow,Missouri,Meet,1,mo,m23,x,mo-m23,MO,D
12/03/2016,Missouri Florissant Valley,Missouri,Qualifying Tournament,1,mo,q1,x,mo-q1,MO,D
12/10/2016,Missouri Smithville,Missouri,Qualifying Tournament,1,mo,q2,x,mo-q2,MO,D
12/17/2016,Missouri Camdenton,Missouri,Qualifying Tournament,1,mo,q3,x,mo-q3,MO,D
01/07/2017,Missouri Meramec,Missouri,Qualifying Tournament,1,mo,q4,x,mo-q4,MO,D
01/21/2017,Missouri Blue Valley,Missouri,Qualifying Tournament,1,mo,q5,x,mo-q5,MO,D
01/29/2017,Missouri SEMO,Missouri,Qualifying Tournament,1,mo,q6,x,mo-q6,MO,D
02/11/2017,Missouri Selvidge,Missouri,Qualifying Tournament,1,mo,q7,x,mo-q7,MO,D
02/18/2017,Missouri CQ1 West Conference,Missouri,Qualifying Tournament,1,mo,cq1,x,mo-cq1,MO,D
02/18/2017,Missouri CQ2 East Conference,Missouri,Qualifying Tournament,1,mo,cq2,x,mo-cq2,MO,D
03/04/2017,Missouri Championship,Missouri,Championship,1,mo,cmpd1,d1,mo-cmpd1,MO,D
03/04/2017,Missouri Championship,Missouri,Championship,2,mo,cmpd2,d2,mo-cmpd2,MO,D
12/10/2016,New York NYC John Dewey 1,New York NYC,Qualifying Tournament,1,nynyc,jd1,x,nynyc-jd1,NY,D
12/11/2016,New York NYC John Dewey 2,New York NYC,Qualifying Tournament,1,nynyc,jd2,x,nynyc-jd2,NY,D
01/14/2017,New York NYC Francis Lewis 1,New York NYC,Qualifying Tournament,1,nynyc,fl1,x,nynyc-fl1,NY,D
01/15/2017,New York NYC Francis Lewis 2,New York NYC,Qualifying Tournament,1,nynyc,fl2,x,nynyc-fl2,NY,D
02/18/2017,New York NYC Dalton 1,New York NYC,Qualifying Tournament,1,nynyc,da1,x,nynyc-da1,NY,D
02/19/2017,New York NYC Dalton 2,New York NYC,Qualifying Tournament,1,nynyc,da2,x,nynyc-da2,NY,D
02/25/2017,Florida Championship,Florida,Championship,1,fl,cmp,x,fl-cmp,FL,D
12/17/2016,Florida NEFL M1,Florida,Meet,1,fl,ne1,x,fl-ne1,FL,D
01/07/2017,Florida NEFL M2,Florida,Meet,1,fl,ne2,x,fl-ne2,FL,D
01/21/2017,Florida NEFL League Championship,Florida,League Championship,1,fl,nelcmp,x,fl-nelcmp,FL,D
11/09/2016,Florida NEFL Match Play 1,Florida,Meet,1,fl,nemp1,x,fl-nemp1,FL,D
12/02/2016,Florida NEFL Match Play 2,Florida,Meet,1,fl,nemp2,x,fl-nemp2,FL,D
11/12/2016,Florida Palm Beach M1a,Florida,Meet,1,fl,pb1a,x,fl-pb1a,FL,D
11/12/2016,Florida Palm Beach M1b,Florida,Meet,1,fl,pb1b,x,fl-pb1b,FL,D
11/12/2016,Florida Palm Beach M1c,Florida,Meet,1,fl,pb1c,x,fl-pb1c,FL,D
12/17/2016,Florida Palm Beach M2a,Florida,Meet,1,fl,pb2a,x,fl-pb2a,FL,D
12/17/2016,Florida Palm Beach M2b,Florida,Meet,1,fl,pb2b,x,fl-pb2b,FL,D
01/07/2017,Florida Palm Beach M3,Florida,Meet,1,fl,pb3,x,fl-pb3,FL,D
01/28/2017,Florida Palm Beach League Championship,Florida,League Championship,1,fl,pblcmp,x,fl-pblcmp,FL,D
12/03/2016,Florida ROBOT Coleman Chaos,Florida,Meet,1,fl,rcc,x,fl-rcc,FL,D
12/17/2016,Florida ROBOT Keystone Kinetics,Florida,Meet,1,fl,rkk,x,fl-rkk,FL,D
01/14/2017,Florida ROBOT League Championship,Florida,League Championship,1,fl,rlcmp,x,fl-rlcmp,FL,D
11/05/2016,Florida ROBOT Middleton Madness,Florida,Meet,1,fl,rmm,x,fl-rmm,FL,D
12/17/2016,Florida South Cypress Bay,Florida,Meet,1,fl,scb,x,fl-scb,FL,D
01/28/2017,Florida South League Championship,Florida,League Championship,1,fl,slcmp,x,fl-slcmp,FL,D
11/19/2016,Florida South Panther Robotics,Florida,Meet,1,fl,spr,x,fl-spr,FL,D
11/19/2016,Florida Spacecoast M1,Florida,Meet,1,fl,sc1,x,fl-sc1,FL,D
12/03/2016,Florida Spacecoast M2,Florida,Meet,1,fl,sc2,x,fl-sc2,FL,D
01/14/2017,Florida Spacecoast M3,Florida,Meet,1,fl,sc3,x,fl-sc3,FL,D
01/28/2017,Florida Spacecoast League Championship,Florida,League Championship,1,fl,sclcmp,x,fl-sclcmp,FL,D
11/12/2016,Florida TBTA Pinellas M1,Florida,Meet,1,fl,tbta1,x,fl-tbta1,FL,D
12/03/2016,Florida TBTA Pinellas M2,Florida,Meet,1,fl,tbta2,x,fl-tbta2,FL,D
12/17/2016,Florida TBTA Pinellas M3,Florida,Meet,1,fl,tbta3,x,fl-tbta3,FL,D
01/21/2017,Florida TBTA Pinellas League Championship,Florida,League Championship,1,fl,tbtalcmp,x,fl-tbtalcmp,FL,D
11/13/2016,Florida Tesla M1,Florida,Meet,1,fl,t1,x,fl-t1,FL,D
12/04/2016,Florida Tesla M2,Florida,Meet,1,fl,t2,x,fl-t2,FL,D
01/07/2017,Florida Tesla M3,Florida,Meet,1,fl,t3,x,fl-t3,FL,D
01/28/2017,Florida Tesla League Championship,Florida,League Championship,1,fl,tlcmp,x,fl-tlcmp,FL,D
01/21/2017,Alabama Championship,Alabama,Championship,1,al,cmp,x,al-cmp,AL,D
01/14/2017,Mississippi Flowood,Mississippi,Qualifying Tournament,1,ms,fl,x,ms-fl,MS,D
11/5/2016,Michigan Big Rapids,Michigan,Qualifying Tournament,1,mi,br,x,mi-br,MI,D
11/5/2016,Michigan Canton,Michigan,Qualifying Tournament,1,mi,ca,x,mi-ca,MI,D
11/12/2016,Michigan Great Lake Bay,Michigan,Qualifying Tournament,1,mi,gl,x,mi-gl,MI,D
11/12/2016,Michigan Petoskey,Michigan,Qualifying Tournament,1,mi,pe,x,mi-pe,MI,D
11/19/2016,Michigan Novi,Michigan,Qualifying Tournament,1,mi,no,x,mi-no,MI,D
11/19/2016,Michigan Marysville,Michigan,Qualifying Tournament,1,mi,mary,x,mi-mary,MI,D
11/19/2016,Michigan Mason,Michigan,Qualifying Tournament,1,mi,mas,x,mi-mas,MI,D
12/03/2016,Michigan Allendale,Michigan,Qualifying Tournament,1,mi,al,x,mi-al,MI,D
12/03/2016,Michigan Howell,Michigan,Qualifying Tournament,1,mi,ho,x,mi-ho,MI,D
12/03/2016,Michigan Coloma,Michigan,Qualifying Tournament,1,mi,col,x,mi-col,MI,D
12/03/2016,Michigan Kettering,Michigan,Qualifying Tournament,1,mi,ket,x,mi-ket,MI,D
12/10/2016,Michigan Bedford,Michigan,Qualifying Tournament,1,mi,be,x,mi-be,MI,D
12/10/2016,Michigan Concord,Michigan,Qualifying Tournament,1,mi,con,x,mi-con,MI,D
12/10/2016,Michigan Kentwood,Michigan,Qualifying Tournament,1,mi,kent,x,mi-kent,MI,D
12/10/2016,Michigan Detroit,Michigan,Qualifying Tournament,1,mi,det,x,mi-det,MI,D
12/17/2016,Michigan Championship Edison,Michigan,Championship,1,mi,cmpd1,d1,mi-cmpd1,MI,D
12/17/2016,Michigan Championship Franklin,Michigan,Championship,2,mi,cmpd2,d2,mi-cmpd2,MI,D
12/17/2016,Michigan Championship Finals,Michigan,Championship,0,mi,cmpd0,d0,mi-cmpd0,MI,D
