TournamentCode,Num,Name,R,QP,RP,High,MP,Elim,WP,OPR,OPRm,OPR-,OPRm-,OPRA,OPRmA,OPRB,OPRmB,OPRT,OPRmT,OPRE,OPRmE,OPRP,OPRmP,OPRp,OPRmp, 
1617velv-gadz,5494,Oscar,1,8,153,75,4,SC,1.00,27.8,31.6,29.4,32.5,12.0,13.4,0.0,0.0,20.4,20.6,-2.9,-1.6,-1.7,-1.0,0.0,-0.0,
1617velv-gadz,5100,DarBots 2,2,8,71,95,5,S1,0.80,41.4,35.8,40.8,35.0,9.5,8.3,0.0,0.0,30.0,26.0,0.1,-0.1,1.8,1.5,-1.3,-0.8,
1617velv-gadz,7373,Eagle Robotics - Carbon Fiber,3,6,195,85,4,FC,0.75,49.4,42.1,47.5,40.7,22.9,18.8,0.0,0.0,23.5,21.4,0.2,-0.1,2.8,1.9,-0.9,-0.6,
1617velv-gadz,5940,Rockin' Robots,4,6,140,78,4,WC,0.75,34.0,31.4,33.8,30.9,19.5,16.8,0.0,0.0,15.2,14.8,-0.2,-0.0,-0.5,-0.4,0.7,0.8,
1617velv-gadz,11420,Syntax Error,5,6,122,85,4,SC,0.75,32.7,30.4,27.0,26.3,14.7,13.4,0.0,0.0,13.4,14.1,1.2,0.5,3.4,2.3,2.3,1.7,
1617velv-gadz,7437,L.E.D.,6,6,112,50,5,,0.60,11.2,12.7,10.3,11.7,2.8,3.5,0.0,0.0,10.6,10.6,-1.3,-0.9,-0.9,-0.6,1.9,1.5,
1617velv-gadz,11127,Whitefield Robotics,7,4,190,85,5,,0.40,21.7,24.5,20.3,23.2,5.4,6.9,0.0,0.0,12.4,13.7,2.0,2.2,1.9,1.5,-0.5,-0.3,
1617velv-gadz,4100,Darbots 1,8,4,185,81,4,F1,0.50,50.5,42.6,52.0,43.5,20.0,16.8,0.0,0.0,21.5,18.6,10.4,7.8,-1.4,-0.9,-0.2,-0.2,
1617velv-gadz,11096,East Cobb Robotics FTC,9,4,125,85,4,W1,0.50,33.9,33.6,32.2,31.4,8.0,9.7,0.0,0.0,25.9,22.9,-0.4,-0.1,0.5,0.9,1.2,1.2,
1617velv-gadz,4221,Smíða Syndicate,10,4,116,78,4,S1,0.50,9.1,13.2,8.1,12.2,1.4,3.7,0.0,0.0,7.2,9.2,1.3,0.7,-0.8,-0.5,1.8,1.4,
1617velv-gadz,7431,G.E.A.R.S. Silver,11,4,88,65,4,,0.50,13.5,15.2,16.5,16.9,6.8,7.4,0.0,0.0,9.8,9.4,-1.1,-0.6,-2.0,-1.1,-1.0,-0.6,
1617velv-gadz,11364,Eagle Robotics - Diamond Plate,12,2,133,65,4,,0.25,33.1,28.2,34.5,29.0,17.3,14.4,0.0,0.0,16.9,14.4,-0.9,-0.5,-0.2,-0.3,-1.2,-0.7,
1617velv-gadz,10628,Robit 2.0,13,2,110,95,4,,0.25,13.3,17.2,7.7,13.1,5.8,6.9,0.0,0.0,4.3,8.1,0.6,0.3,2.5,1.8,3.0,2.2,
1617velv-gadz,5170,G.E.A.R.S. Black,14,2,103,75,4,,0.25,9.0,13.6,8.0,12.6,2.9,5.4,0.0,0.0,7.2,9.0,0.7,0.1,-1.8,-1.1,2.8,2.0,
1617velv-gadz,9785,Cronos,15,2,41,81,4,,0.25,12.9,13.9,8.5,10.3,7.7,7.1,0.0,0.0,6.3,6.7,-3.9,-2.3,2.9,2.1,1.5,1.4,
1617velv-gadz,7432,G.E.A.R.S. Purple,16,0,120,55,5,,0.00,1.7,6.9,-0.4,5.3,0.1,2.5,0.0,0.0,-4.0,-0.3,3.4,2.8,2.3,1.8,-0.2,-0.2,
1617velv-carc,6165,M-SET Cuttlefish,1,12,296,140,6,WC,1.00,83.3,73.0,60.7,54.8,24.4,21.8,0.0,0.0,5.1,6.0,32.9,27.9,20.9,17.2,1.7,1.0,
1617velv-carc,7591,Voltage of Imagination,2,10,220,150,6,FC,0.83,82.7,72.2,59.8,54.2,44.8,39.3,0.0,0.0,35.4,31.6,-1.1,-0.7,3.6,1.9,19.4,16.1,
1617velv-carc,10023,GatorBots,3,8,243,80,6,W1,0.67,20.3,22.5,24.0,23.6,8.6,9.3,0.0,0.0,15.4,15.2,0.8,0.7,-4.5,-2.8,0.8,1.8,
1617velv-carc,4799,CyberCats,4,8,112,60,6,SC,0.67,24.3,23.8,17.2,18.3,1.5,2.8,0.0,0.0,18.1,16.8,0.1,0.1,4.6,4.1,2.5,1.5,
1617velv-carc,7641,M-SET Betta Fish,5,7,198,65,6,SC,0.58,39.4,35.2,31.1,29.2,25.2,22.1,0.0,0.0,5.8,6.6,-1.1,-0.7,9.4,7.1,-1.1,-1.1,
1617velv-carc,9144,Jet-Net,6,6,182,140,6,,0.50,17.1,18.4,9.6,11.3,5.3,5.5,0.0,0.0,4.4,5.4,-2.5,-1.4,9.9,8.7,-2.4,-1.6,
1617velv-carc,11550,49ers STEM Leadership Institute: Java Seals,7,6,161,70,6,,0.50,12.6,14.0,0.4,4.1,0.9,2.3,0.0,0.0,3.3,3.8,-2.7,-1.5,11.0,9.3,1.2,0.6,
1617velv-carc,10917,ninja-te.ch,8,6,150,150,6,,0.50,19.3,23.0,25.4,25.4,19.1,18.4,0.0,0.0,5.2,6.4,2.2,2.6,-7.3,-4.5,1.2,2.1,
1617velv-carc,4800,RoboCats,9,6,150,85,6,S1,0.50,17.4,19.5,24.3,23.5,4.8,5.1,0.0,0.0,15.5,14.8,1.7,2.1,-4.5,-2.6,-2.4,-1.3,
1617velv-carc,7390,M-SET Jellyfish,10,6,148,125,6,S1,0.50,27.8,30.9,41.7,39.7,11.9,12.9,0.0,0.0,22.1,20.6,2.3,2.6,-8.5,-5.3,-5.4,-3.5,
1617velv-carc,8404,Quixilver,11,5,225,95,6,F1,0.42,27.5,27.3,29.9,28.7,6.3,7.0,0.0,0.0,20.4,19.6,-0.4,-0.3,1.2,0.9,-3.7,-2.3,
1617velv-carc,9965,MSET Lionfish,12,5,175,90,6,,0.42,12.2,15.2,20.1,20.6,1.5,2.9,0.0,0.0,15.1,14.2,1.5,2.0,-5.9,-4.0,-2.1,-1.4,
1617velv-carc,11527,49ers STEM Leadership Institute: The Shovels,13,4,177,65,6,,0.33,12.3,16.1,17.7,17.8,10.6,11.1,0.0,0.0,-0.2,1.9,1.2,0.9,0.7,2.2,-6.1,-3.8,
1617velv-carc,4432,Tokki Robotics,14,4,161,61,6,,0.33,18.0,16.5,8.7,9.6,2.0,2.6,0.0,0.0,12.1,11.4,-1.2,-0.9,5.1,3.3,4.2,3.6,
1617velv-carc,11516,49ers STEM Leadership Institute: Evolution Robotics,15,3,215,95,6,,0.25,6.7,10.9,-7.2,-2.3,4.6,6.2,0.0,0.0,4.5,5.9,0.6,0.4,-2.9,-1.7,16.9,14.9,
1617velv-carc,11521,49ers STEM Leadership Institute: Vortechs,16,0,131,45,6,,0.00,1.5,3.4,-11.1,-6.0,-3.3,-1.7,0.0,0.0,3.5,4.6,-1.0,-0.7,2.2,1.2,10.3,8.2,
1617velv-gajr,7153,Vindicem,1,10,56,115,5,FC,1.00,74.2,64.9,72.9,62.2,15.0,13.2,0.0,0.0,54.3,46.5,1.3,1.0,3.6,4.0,-2.4,-1.5,
1617velv-gajr,7361,Ctrl-Alt-Del,2,10,50,95,5,WC,1.00,48.4,43.2,47.3,41.1,27.7,22.8,0.0,0.0,10.7,11.9,2.9,2.5,7.0,5.7,-5.9,-3.9,
1617velv-gajr,8678,GalaXXy,3,8,125,96,5,SC,0.80,15.8,16.7,19.7,19.0,11.0,10.0,0.0,0.0,2.5,4.3,3.1,2.6,-0.8,-0.3,-3.1,-2.1,
1617velv-gajr,10781,PawBotics 2,4,8,77,111,5,SC,0.80,27.4,26.3,23.4,24.1,13.5,12.0,0.0,0.0,11.2,12.3,1.0,1.1,1.6,0.7,2.4,1.3,
1617velv-gajr,11383,Fortissimus,5,8,61,95,5,F1,0.80,31.7,30.0,18.0,17.8,4.4,5.4,0.0,0.0,23.0,20.5,3.7,3.0,0.6,0.9,13.1,11.1,
1617velv-gajr,5647,Kemet Robotics,6,8,55,50,5,S2,0.80,15.2,16.0,16.1,14.9,-2.6,-0.3,0.0,0.0,18.4,14.9,-0.8,-0.6,0.3,1.7,-1.2,-0.9,
1617velv-gajr,2993,Blue RoboDragon,7,8,24,60,5,S1,0.80,15.6,16.2,2.9,5.3,-0.3,0.8,0.0,0.0,17.7,16.4,-0.8,-0.5,-1.0,-0.7,13.6,11.4,
1617velv-gajr,8433,CyberStingers Green,8,6,99,55,5,W1,0.60,26.4,23.4,16.3,15.5,11.0,9.4,0.0,0.0,13.0,12.3,-1.4,-0.9,3.7,2.5,6.3,5.2,
1617velv-gajr,8566,Firebirds,9,6,98,60,5,S1,0.60,31.3,27.0,38.6,31.4,15.2,12.9,0.0,0.0,20.4,16.6,0.2,0.0,-4.5,-2.8,-2.9,-1.8,
1617velv-gajr,5979,CyberStingers Blue,10,6,80,95,5,F2,0.60,18.8,18.6,8.3,10.8,-2.6,-1.3,0.0,0.0,21.3,20.1,-1.8,-1.1,1.9,0.8,8.6,6.8,
1617velv-gajr,9655,Taco Tuesday,11,6,70,85,5,S2,0.60,34.4,29.5,20.1,17.7,6.5,5.4,0.0,0.0,16.8,15.4,2.7,2.0,8.5,6.6,5.8,5.0,
1617velv-gajr,6988,CyberStingers Gold,12,6,67,65,5,,0.60,13.4,13.5,17.6,16.3,3.2,3.6,0.0,0.0,10.6,9.9,1.2,1.0,-1.6,-1.2,-2.6,-1.7,
1617velv-gajr,5116,Pawbotics,13,6,66,30,5,,0.60,-7.1,-1.6,-11.4,-5.7,-3.7,-1.8,0.0,0.0,-0.7,2.0,-1.3,-0.9,-1.5,-1.2,5.8,5.0,
1617velv-gajr,6747,TRANSFORMERS,14,6,65,85,5,,0.60,22.9,22.9,22.6,21.1,5.8,5.5,0.0,0.0,14.4,13.6,-0.1,0.3,2.9,3.3,-2.5,-1.7,
1617velv-gajr,3931,RoboCopz,15,6,55,115,5,,0.60,22.3,22.2,25.9,24.2,6.4,6.4,0.0,0.0,16.0,15.5,1.7,1.4,-1.8,-1.2,-1.8,-1.0,
1617velv-gajr,11433,Pataula Panthers Golden Gears Robotics Team,16,6,52,75,5,W2,0.60,21.6,19.5,13.0,12.4,3.4,3.2,0.0,0.0,11.6,10.9,-0.7,-0.6,7.3,5.8,1.3,1.2,
1617velv-gajr,10638,EXE,17,6,35,52,5,,0.60,7.6,9.6,5.8,6.8,6.5,5.1,0.0,0.0,2.8,5.3,-0.3,-0.2,-1.4,-0.8,3.1,3.4,
1617velv-gajr,525,Success,18,6,22,40,5,,0.60,2.8,5.1,13.3,11.1,-0.7,0.2,0.0,0.0,8.9,8.0,0.7,0.3,-6.0,-3.6,-4.5,-2.6,
1617velv-gajr,5177,"Global Dynamics ""Noodle Squad""",19,4,84,85,5,,0.40,27.6,24.6,16.7,16.1,4.2,5.0,0.0,0.0,15.6,13.1,-0.5,-0.4,8.3,6.7,2.6,1.6,
1617velv-gajr,10537,Brobotix,20,4,75,75,5,,0.40,7.8,10.2,4.2,6.1,4.1,4.8,0.0,0.0,3.9,4.7,3.8,3.0,-4.0,-2.5,7.6,6.4,
1617velv-gajr,11523,Mechanics In Black,21,4,55,50,5,,0.40,6.5,8.0,-0.2,1.9,1.0,1.5,0.0,0.0,2.4,3.1,-0.9,-0.6,4.0,3.8,2.8,2.1,
1617velv-gajr,11711,Tech Tigers,22,4,41,95,5,,0.40,10.8,12.9,-10.5,-3.2,0.6,1.2,0.0,0.0,-8.4,-2.8,-0.4,-0.3,18.9,14.5,2.3,1.4,
1617velv-gajr,9187,MCHSBULLDOG,23,4,30,75,5,,0.40,12.1,11.9,7.2,7.2,2.1,2.4,0.0,0.0,1.5,2.4,0.0,-0.1,8.5,7.0,-3.6,-2.5,
1617velv-gajr,11026,Rebel Robotics FTC,24,4,30,55,5,,0.40,9.4,11.1,4.5,6.4,3.5,4.0,0.0,0.0,7.5,7.9,-0.9,-0.6,-0.8,-0.4,5.6,4.9,
1617velv-gajr,11820,Cyber-liers,25,2,85,50,5,,0.20,20.1,18.1,4.2,4.9,4.1,4.2,0.0,0.0,-2.9,-1.7,3.5,2.9,15.4,12.5,0.5,0.4,
1617velv-gajr,7482,Static Stripes,26,2,70,50,5,,0.20,5.7,8.1,-0.3,2.9,6.8,6.2,0.0,0.0,-5.8,-2.3,-0.6,-0.5,5.3,4.5,0.7,0.5,
1617velv-gajr,22,100 Scholars,27,2,61,48,5,,0.20,0.4,4.4,4.8,6.8,-3.3,-1.7,0.0,0.0,5.0,6.7,0.3,0.1,-1.6,-0.9,-2.9,-1.7,
1617velv-gajr,12145,Chrome,28,2,60,60,5,,0.20,6.3,7.6,4.9,6.9,5.1,4.9,0.0,0.0,-0.3,1.4,0.8,0.9,0.7,0.2,0.7,0.3,
1617velv-gajr,6173,"Global Dynamics ""Electric Nerds""",29,2,49,40,5,,0.20,5.7,6.0,-1.3,0.2,1.2,2.0,0.0,0.0,5.4,4.4,-0.4,-0.3,-0.5,-0.3,7.5,5.9,
1617velv-gajr,4232,"Global Dynamics ""Plasma""",30,2,48,13,5,,0.20,-2.6,0.7,-2.5,-1.0,4.7,4.2,0.0,0.0,-3.8,-1.6,-0.2,-0.1,-3.3,-2.0,3.2,3.5,
1617velv-gajr,5002,Steel Wolves,31,2,37,20,5,,0.20,-6.3,-3.2,2.3,2.5,0.0,0.6,0.0,0.0,0.9,0.7,0.9,0.9,-8.1,-5.4,-0.5,-0.3,
1617velv-gajr,3726,Mechanics In Blue,32,2,35,15,5,,0.20,1.3,2.4,-2.4,-1.2,3.4,3.2,0.0,0.0,-4.2,-2.2,0.5,0.3,1.6,0.9,2.1,2.5,
1617velv-gajr,11518,The ATCEPA Robotics Team,33,0,115,45,5,,0.00,5.3,7.6,8.3,8.5,3.7,3.6,0.0,0.0,4.1,5.1,-0.1,-0.2,-2.4,-1.1,-0.6,0.1,
1617velv-casa,548,Geek Squad,1,12,184,105,6,FC,1.00,37.0,34.9,37.0,34.9,6.4,7.3,0.0,0.0,31.8,28.5,-1.2,-1.1,0.0,0.0,0.0,0.0,
1617velv-casa,4345,ART,2,10,213,95,6,SC,0.83,42.3,39.5,42.3,39.5,29.4,26.3,0.0,0.0,17.8,16.5,-4.9,-3.4,0.0,0.0,0.0,0.0,
1617velv-casa,10023,GatorBots,3,10,195,105,6,WC,0.83,35.0,35.1,35.0,35.1,21.8,20.5,0.0,0.0,12.5,13.8,0.8,0.7,0.0,0.0,0.0,0.0,
1617velv-casa,5220,RoboKnights 5220,4,10,190,180,6,W1,0.83,58.8,54.7,58.8,54.7,26.1,24.1,0.0,0.0,29.4,27.0,3.3,3.5,0.0,0.0,0.0,0.0,
1617velv-casa,11527,49ers STEM Leadership Institute: The Shovels,5,10,168,65,6,SC,0.83,18.5,19.8,18.5,19.8,3.5,3.9,0.0,0.0,14.6,15.2,0.3,0.6,0.0,0.0,0.0,0.0,
1617velv-casa,9924,The White Hat Hackers,6,10,110,100,6,S2,0.83,38.7,36.0,38.7,36.0,15.1,14.5,0.0,0.0,23.8,21.7,-0.1,-0.3,0.0,0.0,0.0,0.0,
1617velv-casa,9614,Hyperion,7,8,270,105,6,F1,0.67,41.1,39.5,41.1,39.5,27.2,24.9,0.0,0.0,11.3,12.2,2.6,2.3,0.0,0.0,0.0,0.0,
1617velv-casa,8865,The Intersect,8,8,177,70,6,W2,0.67,48.8,42.8,48.8,42.8,19.9,17.5,0.0,0.0,29.3,25.4,-0.3,-0.2,0.0,0.0,0.0,0.0,
1617velv-casa,11550,49ers STEM Leadership Institute: Java Seals,9,8,151,95,6,S1,0.67,31.4,30.0,31.4,30.0,2.6,4.0,0.0,0.0,26.3,23.7,2.5,2.2,0.0,0.0,0.0,0.0,
1617velv-casa,4475,Purple Reign,10,8,141,85,6,,0.67,40.7,36.4,40.7,36.4,12.5,11.3,0.0,0.0,29.0,25.6,-0.8,-0.6,0.0,0.0,0.0,0.0,
1617velv-casa,9784,DryKiss,11,7,190,50,6,S1,0.58,17.9,18.4,17.9,18.4,2.6,3.5,0.0,0.0,16.1,15.1,-0.8,-0.2,0.0,0.0,0.0,0.0,
1617velv-casa,11201,Piedmont Pioneers,12,7,142,65,6,,0.58,14.7,16.3,14.7,16.3,4.0,5.2,0.0,0.0,9.4,10.1,1.3,0.9,0.0,0.0,0.0,0.0,
1617velv-casa,7316,Iron Panthers,13,6,205,90,6,S2,0.50,30.6,30.5,30.6,30.5,15.7,15.1,0.0,0.0,15.0,15.4,-0.1,-0.1,0.0,0.0,0.0,0.0,
1617velv-casa,7854,MidKnight Madness,14,6,187,180,6,F2,0.50,42.4,39.1,42.4,39.1,16.0,15.3,0.0,0.0,7.8,8.3,18.6,15.4,0.0,0.0,0.0,0.0,
1617velv-casa,4799,CyberCats,15,4,210,80,6,,0.33,24.3,24.2,24.3,24.2,5.8,6.4,0.0,0.0,10.7,11.5,7.8,6.3,0.0,0.0,0.0,0.0,
1617velv-casa,11516,49ers STEM Leadership Institute: Evolution Robotics,16,4,193,120,6,,0.33,26.7,25.5,26.7,25.5,13.2,12.2,0.0,0.0,15.6,14.7,-2.1,-1.5,0.0,0.0,0.0,0.0,
1617velv-casa,7391,Error: 7391 Not Found,17,4,181,65,6,,0.33,6.5,10.3,6.5,10.3,3.1,4.3,0.0,0.0,3.1,5.1,0.2,1.0,0.0,0.0,0.0,0.0,
1617velv-casa,10148,ART,18,4,145,70,6,,0.33,5.6,9.1,5.6,9.1,3.7,4.9,0.0,0.0,3.2,5.1,-1.3,-1.0,0.0,0.0,0.0,0.0,
1617velv-casa,11898,Newark Memorial Robuckets,19,4,137,60,6,,0.33,15.6,16.1,15.6,16.1,2.8,3.6,0.0,0.0,13.5,12.9,-0.6,-0.4,0.0,0.0,0.0,0.0,
1617velv-casa,4800,RoboCats,20,4,133,75,6,,0.33,12.9,14.5,12.9,14.5,5.0,4.9,0.0,0.0,8.0,9.1,-0.1,0.4,0.0,0.0,0.0,0.0,
1617velv-casa,10163,KSJC,21,4,129,50,6,,0.33,7.7,9.8,7.7,9.8,9.9,9.6,0.0,0.0,-4.1,-1.5,2.0,1.6,0.0,0.0,0.0,0.0,
1617velv-casa,9014,Fireworks,22,4,116,40,6,,0.33,14.9,13.8,14.9,13.8,2.9,3.1,0.0,0.0,0.2,0.8,11.7,9.8,0.0,0.0,0.0,0.0,
1617velv-casa,12027,Space Cookies,23,4,90,70,6,,0.33,7.9,10.7,7.9,10.7,0.7,2.0,0.0,0.0,5.9,7.3,1.3,1.3,0.0,0.0,0.0,0.0,
1617velv-casa,9578,Purple Pi,24,3,165,50,6,,0.25,4.5,7.7,4.5,7.7,3.5,4.3,0.0,0.0,2.9,3.7,-1.9,-0.4,0.0,0.0,0.0,0.0,
1617velv-casa,11521,49ers STEM Leadership Institute: Vortechs,25,3,97,65,6,,0.25,11.2,11.6,11.2,11.6,6.2,6.1,0.0,0.0,5.0,5.5,0.1,-0.0,0.0,0.0,0.0,0.0,
1617velv-casa,7175,Walbots,26,2,206,90,6,,0.17,8.3,10.6,8.3,10.6,1.8,3.3,0.0,0.0,4.9,5.3,1.6,2.0,0.0,0.0,0.0,0.0,
1617velv-casa,2891,WarriorBorgs,27,2,140,50,6,,0.17,1.1,5.4,1.1,5.4,3.1,4.3,0.0,0.0,-2.4,0.8,0.4,0.3,0.0,0.0,0.0,0.0,
1617velv-casa,9097,Batteries Included,28,2,123,40,6,,0.17,4.5,7.4,4.5,7.4,-0.3,1.0,0.0,0.0,3.4,4.7,1.4,1.5,0.0,0.0,0.0,0.0,
1617velv-azfl,8995,Jaegers,1,10,51,160,5,WC,1.00,85.7,72.2,81.3,68.0,42.9,35.5,0.0,0.0,32.9,28.3,3.0,2.6,6.9,5.7,-2.4,-1.6,
1617velv-azfl,11644,Mountain Bots,2,6,73,60,5,SC,0.60,19.3,17.3,11.1,10.2,1.5,1.3,0.0,0.0,7.9,7.8,1.7,1.4,8.2,6.6,0.0,0.3,
1617velv-azfl,8570,InFALAbles,3,6,71,85,5,S1,0.60,11.1,14.0,6.3,9.1,-0.3,1.9,0.0,0.0,6.7,7.2,-1.3,-0.9,6.0,5.7,-1.2,-0.9,
1617velv-azfl,11701,Elksplosion,4,6,40,90,5,W1,0.60,11.8,14.7,13.6,15.5,0.7,2.7,0.0,0.0,12.6,12.2,2.9,2.5,-4.4,-2.8,2.6,1.9,
1617velv-azfl,11430,Coconuts FTC,5,5,94,80,5,FC,0.50,8.7,12.5,4.1,8.1,4.4,6.0,0.0,0.0,5.7,6.7,1.3,1.2,-2.7,-1.7,7.3,6.0,
1617velv-azfl,6900,Watch Dogs,6,5,92,30,5,SC,0.50,13.6,13.3,8.6,8.7,1.4,1.9,0.0,0.0,12.6,11.4,-0.1,-0.1,-0.3,-0.1,5.3,4.7,
1617velv-azfl,7167,Mecha Hawks,7,5,75,42,5,F1,0.50,10.1,11.9,7.2,9.0,-0.4,1.0,0.0,0.0,14.3,13.7,-1.3,-1.0,-2.6,-2.0,5.5,4.8,
1617velv-azfl,11529,Navajo Code Writers,8,3,60,25,5,S1,0.30,-0.4,0.7,-3.6,-2.5,6.3,5.4,0.0,0.0,-4.9,-3.5,-0.1,-0.2,-1.6,-1.2,4.8,4.3,
1617velv-azfl,12244,Wildcat Robotics,9,2,81,31,5,,0.20,9.2,9.6,13.0,12.2,6.1,5.6,0.0,0.0,4.0,4.6,-1.1,-0.8,0.1,0.0,-4.0,-2.7,
1617velv-azfl,8081,Knights of the Lab Table,10,2,27,160,5,,0.20,14.7,15.9,7.4,9.5,6.2,6.6,0.0,0.0,-3.9,-1.3,3.4,2.8,9.1,7.6,-1.8,-1.3,
1617velv-arcmp,8373,Diva Force,1,10,360,180,5,SC,1.00,96.5,86.6,81.9,74.1,62.7,53.7,0.0,0.0,31.9,29.6,-1.6,-1.2,3.4,4.5,11.2,7.9,
1617velv-arcmp,4962,Rockettes,2,10,305,180,5,WC,1.00,84.7,77.1,61.2,57.3,33.6,31.4,0.0,0.0,27.6,26.3,4.2,4.0,19.4,15.3,4.2,4.5,
1617velv-arcmp,8651,Wait For It...,3,10,141,170,5,SC,1.00,83.1,72.7,78.6,68.4,28.0,25.0,0.0,0.0,44.2,37.4,2.8,3.8,8.1,6.5,-3.6,-2.3,
1617velv-arcmp,3486,Techno Warriors Advanced,4,10,121,170,5,S1,1.00,80.1,73.3,80.9,72.4,25.6,22.6,0.0,0.0,37.4,34.0,24.4,21.1,-7.4,-4.5,6.5,5.4,
1617velv-arcmp,10165,Apex Predators,5,8,225,150,5,FC,0.80,46.4,44.0,42.7,39.8,21.5,19.5,0.0,0.0,21.8,19.9,-4.1,-2.0,7.1,6.5,-3.5,-2.4,
1617velv-arcmp,92,Junior Bomb Squad,6,8,225,130,5,F1,0.80,48.9,47.2,40.6,40.2,2.8,4.3,0.0,0.0,27.9,26.2,11.0,10.2,7.2,6.4,1.1,0.4,
1617velv-arcmp,11869,Pangburn,7,8,214,135,5,,0.80,40.3,40.7,58.0,51.9,21.7,20.9,0.0,0.0,19.4,18.5,3.3,4.2,-4.2,-3.0,-13.5,-8.3,
1617velv-arcmp,6832,Iron Reign,8,8,138,146,5,,0.80,54.8,51.7,56.0,51.2,29.6,26.4,0.0,0.0,26.7,24.4,-1.4,-0.7,-0.1,1.5,-1.1,-1.1,
1617velv-arcmp,11126,Revolution Robotics,9,6,297,145,5,W2,0.60,64.4,56.5,67.2,56.9,31.3,26.1,0.0,0.0,28.4,24.2,2.5,3.2,2.2,2.8,-5.0,-3.3,
1617velv-arcmp,3664,Girls With Attitude,10,6,229,140,5,S2,0.60,32.4,35.9,33.2,36.5,5.1,7.6,0.0,0.0,5.6,9.8,21.4,18.5,0.3,-0.2,-1.0,-0.5,
1617velv-arcmp,9879,Root Negative One,11,6,160,100,5,,0.60,16.4,21.7,9.2,14.9,12.2,11.6,0.0,0.0,7.0,9.9,-8.2,-4.1,5.5,4.2,1.8,2.5,
1617velv-arcmp,7209,Tech Hogs Robotics,12,6,157,146,5,S2,0.60,42.0,41.2,51.5,45.7,19.6,18.8,0.0,0.0,19.5,18.0,4.3,3.4,-1.3,0.9,-8.2,-5.5,
1617velv-arcmp,7783,Electric Wave,13,6,145,115,5,,0.60,33.0,33.8,10.4,14.9,3.5,5.6,0.0,0.0,5.8,8.3,-4.2,-2.6,28.0,22.4,-5.4,-3.6,
1617velv-arcmp,4587,Red Hot Techie Peppers,14,4,266,85,5,S1,0.40,50.0,44.2,32.8,27.4,-0.5,0.5,0.0,0.0,32.0,26.9,15.1,12.3,3.4,4.4,13.9,12.3,
1617velv-arcmp,7572,Bomb Squad Special Unit,15,4,234,85,5,W1,0.40,35.7,34.9,25.8,25.0,0.8,2.8,0.0,0.0,4.5,5.8,27.1,22.0,3.3,4.3,6.6,5.6,
1617velv-arcmp,10391,Lynx Robotics,16,4,230,85,5,,0.40,28.0,28.9,-12.0,-3.1,12.0,11.4,0.0,0.0,-3.1,0.3,10.1,10.4,8.9,6.7,31.1,25.2,
1617velv-arcmp,5925,WildBotz,17,4,144,140,5,,0.40,20.9,24.0,13.1,15.6,-1.7,1.7,0.0,0.0,9.5,10.6,3.0,3.6,10.1,7.9,-2.3,0.3,
1617velv-arcmp,8411,SHARP,18,4,123,136,5,,0.40,23.8,25.5,6.0,10.6,-0.4,2.5,0.0,0.0,7.3,9.1,3.9,4.1,13.0,9.7,4.8,5.1,
1617velv-arcmp,11259,Team ATOM,19,4,123,75,5,,0.40,1.9,9.6,11.9,15.9,8.2,9.7,0.0,0.0,-0.1,3.9,-0.4,-0.2,-5.9,-3.9,-4.2,-2.6,
1617velv-arcmp,11108,Bomb Squad: STEMinists,20,2,226,115,5,,0.20,20.1,23.5,20.6,22.7,-3.7,0.3,0.0,0.0,22.2,22.1,1.4,1.5,0.3,-0.6,-0.8,1.2,
1617velv-arcmp,3638,Atomic Shock,21,2,223,84,5,,0.20,35.8,32.9,34.9,30.6,1.4,1.5,0.0,0.0,28.3,24.3,2.3,3.2,3.7,3.9,-2.8,-1.7,
1617velv-arcmp,5404,Titanium Titans,22,2,207,145,5,,0.20,45.3,42.5,9.2,12.8,4.0,5.4,0.0,0.0,8.4,10.4,5.2,4.5,27.7,22.2,8.4,7.5,
1617velv-arcmp,9792,GSA RoboNerds,23,2,176,155,5,,0.20,25.0,25.0,-1.8,1.9,-6.5,-3.3,0.0,0.0,16.4,15.6,0.4,-0.1,14.7,12.7,12.1,10.4,
1617velv-arcmp,7030,RoboMinds,24,2,165,70,5,,0.20,-3.1,3.9,-5.2,-0.4,12.0,11.3,0.0,0.0,-2.8,0.7,-0.8,-0.6,-11.6,-7.5,13.7,11.7,
1617velv-arcmp,12175,Iron Eagles,25,2,153,60,5,,0.20,-6.4,2.2,-8.3,-1.2,-2.1,-0.0,0.0,0.0,2.6,5.1,1.0,1.8,-8.0,-4.8,9.9,8.1,
1617velv-arcmp,7343,Blaze,26,2,133,70,5,F2,0.20,-7.7,0.8,-2.1,3.2,3.5,4.1,0.0,0.0,-7.1,-2.0,5.3,4.9,-9.5,-6.2,3.9,3.8,
1617velv-arcmp,10436,Wolfbytes,27,2,115,65,5,,0.20,20.2,19.1,13.0,13.6,-1.4,0.6,0.0,0.0,12.3,11.5,3.4,3.9,6.0,3.0,1.2,2.4,
1617velv-arcmp,10922,Spartans,28,2,87,65,5,,0.20,-12.1,-3.0,-3.4,0.6,1.8,1.9,0.0,0.0,2.6,4.8,-2.9,-1.6,-13.6,-8.2,5.0,4.5,
1617velv-arcmp,11684,GSA Cardinals,29,2,55,40,5,,0.20,-0.5,2.4,-16.1,-10.3,-1.9,-1.4,0.0,0.0,6.7,6.9,-3.4,-2.4,-2.0,-0.8,17.6,13.5,
1617velv-caal,9914,RoboWarriors,1,8,180,90,5,FC,0.80,36.7,33.6,34.1,32.3,7.4,8.7,0.0,0.0,33.4,27.1,-1.7,-0.8,-2.4,-1.6,5.0,2.7,
1617velv-caal,8872,Robopocalypse,2,8,170,220,5,SC,0.80,98.3,84.4,81.1,69.8,40.1,34.4,0.0,0.0,29.3,25.8,8.4,7.4,20.5,16.5,-3.2,-2.0,
1617velv-caal,11475,Teravoltz,3,8,120,155,5,WC,0.80,31.9,31.9,39.2,36.4,19.7,17.6,0.0,0.0,9.5,11.4,3.9,3.8,-1.2,-1.1,-6.1,-3.4,
1617velv-caal,6982,Metal Magicians,4,6,185,220,5,S1,0.60,69.4,63.0,48.8,46.0,32.9,29.6,0.0,0.0,-1.7,2.0,18.3,14.9,19.9,16.3,0.7,0.6,
1617velv-caal,5214,Tech Support,5,6,115,90,5,SC,0.60,-3.0,5.2,1.9,8.6,-7.5,-2.5,0.0,0.0,19.4,17.1,-6.2,-4.1,-8.6,-5.5,3.7,2.1,
1617velv-caal,6148,Orange Pi RoBEARics,6,4,205,135,5,F1,0.40,38.4,38.4,21.6,24.2,7.1,8.9,0.0,0.0,25.2,22.6,10.6,9.4,-4.4,-2.6,21.2,16.8,
1617velv-caal,3873,Scotbotics,7,4,180,80,5,W1,0.40,41.6,36.6,19.9,19.1,10.2,9.8,0.0,0.0,26.7,22.9,2.7,2.5,2.0,1.2,19.7,16.2,
1617velv-caal,9621,Neologics,8,4,170,115,5,,0.40,3.9,12.0,14.7,19.0,15.6,16.0,0.0,0.0,1.7,4.7,-5.7,-3.9,-7.7,-5.0,-3.1,-2.0,
1617velv-caal,9657,Athena Robotics,9,4,105,75,5,,0.40,18.7,18.3,17.5,17.7,6.6,6.8,0.0,0.0,11.2,10.7,-0.5,-0.4,1.4,1.0,-0.2,-0.6,
1617velv-caal,8804,TeknoForce,10,2,195,80,5,S1,0.20,4.6,10.2,12.7,15.7,1.3,3.2,0.0,0.0,3.8,7.0,1.0,1.1,-1.6,-1.2,-6.6,-4.3,
1617velv-caal,524,Boss Bots,11,2,130,40,5,,0.20,1.5,6.3,9.0,10.8,3.2,3.4,0.0,0.0,-5.1,0.4,1.0,0.9,2.4,1.4,-9.9,-6.0,
1617velv-msgc,8609,Blue Crew Too,1,12,135,125,6,FC,1.00,86.9,75.1,84.8,73.1,17.5,15.1,0.0,0.0,34.2,29.8,35.8,30.6,-0.6,-0.5,2.7,2.4,
1617velv-msgc,12272,Tropical Storm,2,8,85,125,6,WC,0.67,41.5,39.3,39.3,37.2,4.7,5.0,0.0,0.0,35.6,32.1,2.1,2.7,-0.9,-0.7,3.1,2.6,
1617velv-msgc,6556,Tempest,3,8,80,105,6,W1,0.67,47.1,41.7,45.3,39.8,10.8,9.6,0.0,0.0,35.0,30.8,0.8,0.7,0.4,0.5,1.4,1.2,
1617velv-msgc,11195,Envisioneers Jr. One,4,7,80,85,6,SC,0.58,0.9,4.7,-0.4,3.3,6.3,6.0,0.0,0.0,-4.3,-1.3,-3.8,-2.4,2.7,2.3,-1.4,-1.1,
1617velv-msgc,10663,Envisioneers,5,5,60,95,6,SC,0.42,-2.7,2.4,-3.2,1.8,3.1,3.3,0.0,0.0,-8.7,-4.4,0.9,1.9,2.0,1.6,-1.5,-1.1,
1617velv-msgc,6831,Robo Bearcats,6,4,90,80,6,S1,0.33,14.2,13.6,12.6,12.1,2.0,2.0,0.0,0.0,7.8,7.8,2.0,1.7,2.3,2.0,-0.7,-0.6,
1617velv-msgc,11033,Team Avengers,7,4,25,110,6,F1,0.33,11.4,13.7,7.4,10.1,4.5,4.5,0.0,0.0,2.0,3.8,1.9,2.6,3.1,2.6,0.9,0.8,
1617velv-msgc,11698,Lamar Christian,8,3,145,70,6,,0.25,2.0,5.7,2.2,5.5,-5.7,-3.8,0.0,0.0,7.3,7.8,2.1,2.7,-1.6,-1.2,1.4,1.2,
1617velv-msgc,11733,Jackets STEAM Team,9,3,40,85,6,S1,0.25,-4.5,-0.4,-4.3,-0.5,-3.0,-1.7,0.0,0.0,-1.9,-0.2,1.8,2.4,-1.4,-1.0,1.2,1.0,
1617velv-ohne,6298,Broken Axles,1,9,145,60,5,WC,0.90,21.6,23.5,18.7,20.2,5.4,6.1,0.0,0.0,4.1,6.7,5.9,5.3,6.3,5.2,-3.3,-2.0,
1617velv-ohne,10464,Loveland Nuts & Bolts,2,8,155,115,5,FC,0.80,45.7,41.1,42.1,37.0,11.0,10.0,0.0,0.0,37.4,32.5,0.8,0.5,-3.5,-2.2,7.1,6.2,
1617velv-ohne,9812,T-Noble,3,8,105,90,5,SC,0.80,43.4,38.4,48.0,41.2,16.3,15.1,0.0,0.0,21.4,17.9,4.9,4.7,0.9,0.5,-5.5,-3.3,
1617velv-ohne,11915,Dragons,4,8,75,125,5,SC,0.80,41.7,39.1,48.3,43.1,17.8,16.0,0.0,0.0,28.6,25.9,-5.3,-3.4,0.6,0.4,-7.2,-4.4,
1617velv-ohne,6440,The Metallic Controllers,5,8,70,60,5,S1,0.80,0.8,6.7,-0.5,6.0,2.5,3.3,0.0,0.0,0.2,4.4,-2.5,-1.7,0.6,0.5,0.7,0.2,
1617velv-ohne,6450,Kinetic-ore,6,7,136,90,5,F1,0.70,37.2,34.1,30.3,28.1,22.4,18.9,0.0,0.0,15.4,14.7,1.4,1.3,-2.0,-1.0,8.9,7.0,
1617velv-ohne,4494,WolverBots,7,7,120,70,5,F2,0.70,43.4,39.5,47.7,42.4,7.6,6.9,0.0,0.0,36.6,32.9,0.8,0.5,-1.5,-0.9,-2.7,-2.0,
1617velv-ohne,3903,Jaguars,8,6,131,85,5,S2,0.60,29.4,27.0,27.8,24.4,12.3,10.1,0.0,0.0,14.0,12.7,0.7,0.9,2.4,3.1,-0.9,-0.5,
1617velv-ohne,5029,PowerStackers,9,6,100,80,5,,0.60,21.4,21.3,22.1,21.8,6.2,5.9,0.0,0.0,14.6,14.8,0.7,0.6,-0.1,-0.2,-0.6,-0.4,
1617velv-ohne,4507,Robo Chargers,10,5,220,125,5,W1,0.50,55.3,48.1,44.8,40.4,19.8,17.7,0.0,0.0,20.5,18.3,14.9,12.1,-0.0,-0.1,10.5,7.8,
1617velv-ohne,11135,Rusty Knights FTC,11,5,195,55,5,,0.50,21.1,22.8,27.0,26.5,11.5,11.4,0.0,0.0,7.3,8.3,2.1,3.0,0.3,-0.0,-6.2,-3.6,
1617velv-ohne,9846,Pineapple Robotics,12,5,155,60,5,,0.50,21.6,19.9,24.7,21.9,7.9,6.1,0.0,0.0,20.7,18.1,-3.5,-2.4,-3.5,-2.0,0.5,0.1,
1617velv-ohne,9606,Smoking Motors,13,5,81,85,5,,0.50,23.2,23.2,-3.5,2.3,-7.4,-4.4,0.0,0.0,13.3,13.9,-0.3,-0.4,17.6,13.8,9.1,7.1,
1617velv-ohne,6150,Moderately Dangerous,14,4,250,90,5,,0.40,40.6,36.0,33.9,30.3,17.2,14.7,0.0,0.0,18.1,16.3,-1.0,-0.8,6.3,5.7,0.4,0.1,
1617velv-ohne,11187,AZTECHS FTC,15,4,172,90,5,,0.40,13.6,16.3,-2.7,2.8,-0.4,1.3,0.0,0.0,5.5,7.2,-0.8,0.3,9.3,7.3,7.0,6.2,
1617velv-ohne,4537,DRSS Enterprise,16,4,155,80,5,S1,0.40,17.9,19.9,18.6,20.5,16.1,14.3,0.0,0.0,3.2,5.7,-2.5,-1.1,1.1,0.7,-1.8,-1.4,
1617velv-ohne,5256,Spare Parts,17,4,141,50,5,W2,0.40,17.4,18.0,27.8,24.7,5.5,5.0,0.0,0.0,21.0,18.7,-1.4,-1.0,-7.7,-5.0,-2.7,-1.7,
1617velv-ohne,8393,BrainSTEM,18,4,135,75,5,,0.40,4.4,9.5,-3.9,2.8,-1.3,0.6,0.0,0.0,0.4,3.7,7.1,5.9,-1.7,-0.9,10.0,7.6,
1617velv-ohne,6961,The Radical Six,19,4,130,61,5,,0.40,15.0,16.2,15.7,17.3,7.6,8.1,0.0,0.0,5.1,6.7,3.4,2.4,-1.0,-1.2,0.4,0.1,
1617velv-ohne,11091,Reynoldsburg Robotics,20,4,45,50,5,,0.40,11.4,11.7,6.3,6.9,-3.7,-2.6,0.0,0.0,10.4,9.6,-2.0,-1.2,6.7,5.7,-1.5,-0.8,
1617velv-ohne,5754,Marburn Academy Marbotics,21,4,45,45,5,,0.40,1.8,5.2,3.7,6.7,1.7,3.0,0.0,0.0,2.2,3.9,-0.6,-0.6,-1.5,-1.2,-0.4,-0.3,
1617velv-ohne,9828,Ultron Unit,22,3,176,85,5,,0.30,27.6,26.5,20.5,20.6,9.0,8.4,0.0,0.0,-1.0,1.1,22.2,18.2,-2.6,-1.4,9.6,7.3,
1617velv-ohne,10084,Team Calamari,23,3,150,60,5,S2,0.30,17.1,16.5,17.6,16.6,-3.4,-1.5,0.0,0.0,13.9,12.3,5.4,4.8,1.2,0.7,-1.7,-0.8,
1617velv-ohne,10586,Vespula Rabota,24,2,116,50,5,,0.20,10.8,13.7,3.8,8.0,-0.3,2.1,0.0,0.0,1.7,4.3,1.9,1.1,7.6,6.0,-0.5,-0.3,
1617velv-ohne,4510,Techno Jackets,25,2,110,50,5,,0.20,1.2,6.0,-10.4,-2.6,-7.7,-3.8,0.0,0.0,4.4,7.1,2.2,1.3,2.3,1.3,9.3,7.3,
1617velv-ohne,10489,Missing Parts,26,1,105,60,5,,0.10,-0.1,3.3,10.9,9.9,7.6,6.0,0.0,0.0,2.0,2.8,-4.4,-2.6,-5.3,-3.1,-5.7,-3.5,
1617velv-utpc,12351,Timmy's Mafia,1,10,140,86,5,SC,1.00,16.2,21.2,15.4,20.6,3.7,7.4,0.0,0.0,11.5,13.1,0.2,0.1,0.7,0.4,0.1,0.1,
1617velv-utpc,8778,Grid Skippers,2,10,131,90,5,WC,1.00,37.4,36.2,37.2,36.0,15.0,15.3,0.0,0.0,23.7,21.5,-0.7,-0.5,-0.6,-0.3,0.8,0.5,
1617velv-utpc,11654,Plus or Minos,3,8,223,136,5,SC,0.80,54.9,48.1,55.2,48.4,33.1,27.8,0.0,0.0,23.7,21.4,-0.3,-0.2,-1.5,-1.0,1.2,0.6,
1617velv-utpc,9112,Skeleton Crew,4,8,207,100,5,FC,0.80,53.6,45.6,52.6,44.8,46.4,37.8,0.0,0.0,5.3,6.3,0.0,-0.0,2.0,1.4,-0.9,-0.7,
1617velv-utpc,8280,Hyperion,5,8,160,136,5,S1,0.80,54.7,48.2,47.4,42.3,17.8,15.6,0.0,0.0,28.5,25.9,-0.0,-0.1,8.4,6.6,-1.1,-0.7,
1617velv-utpc,5667,Robominers,6,8,151,100,5,F1,0.80,35.8,31.8,36.1,32.0,4.7,5.0,0.0,0.0,32.5,27.6,-0.3,-0.2,-1.1,-0.8,0.8,0.4,
1617velv-utpc,12357,Inconceivable,7,8,136,86,5,S1,0.80,42.6,37.2,41.9,36.8,21.0,17.6,0.0,0.0,21.2,19.3,-0.2,-0.2,0.6,0.3,0.1,-0.0,
1617velv-utpc,8400,Randomonium,8,8,110,75,5,S2,0.80,28.0,28.1,33.3,31.4,11.3,10.6,0.0,0.0,20.7,19.8,-0.4,-0.2,-3.7,-2.3,-1.7,-1.1,
1617velv-utpc,11078,Diet Water,9,6,101,80,5,W2,0.60,6.4,11.4,0.7,6.1,-4.9,-1.1,0.0,0.0,10.5,11.4,1.7,1.4,-0.9,-0.4,6.6,5.6,
1617velv-utpc,10533,OHMS FTC 2,10,6,70,70,5,F2,0.60,8.0,12.2,9.0,12.6,-3.9,-1.2,0.0,0.0,10.3,11.8,2.0,1.6,-0.4,-0.2,-0.6,-0.3,
1617velv-utpc,9761,The PrestidigiTaters,11,5,170,80,5,W1,0.50,46.5,38.9,39.4,33.5,31.1,25.3,0.0,0.0,13.4,12.2,1.7,1.4,0.3,-0.2,6.8,5.5,
1617velv-utpc,5895,The Ladybots,12,4,167,72,5,,0.40,7.7,14.5,12.7,17.5,2.2,5.1,0.0,0.0,5.3,8.8,1.6,1.3,-1.4,-0.9,-3.5,-2.2,
1617velv-utpc,10695,Super Chaotic Robots,13,4,85,50,5,,0.40,24.5,22.0,7.2,8.3,-1.3,-0.2,0.0,0.0,14.7,13.4,2.1,1.7,9.1,7.0,8.3,6.5,
1617velv-utpc,10290,Atomic Randomizers,14,4,81,75,5,,0.40,19.8,17.6,18.5,16.8,3.0,2.4,0.0,0.0,13.9,12.9,1.9,1.6,0.9,0.5,0.4,0.2,
1617velv-utpc,9629,Trojans,15,3,165,50,5,,0.30,31.8,25.9,30.8,25.6,6.3,4.5,0.0,0.0,26.1,21.7,-1.0,-0.7,0.4,0.1,0.6,0.1,
1617velv-utpc,5025,Flyers,16,3,156,95,5,,0.30,8.2,13.0,5.3,9.8,-0.8,3.0,0.0,0.0,5.1,5.8,-0.7,-0.5,4.7,4.5,-1.7,-1.3,
1617velv-utpc,8641,The Masters,17,3,92,50,5,S2,0.30,-5.0,1.4,-3.7,2.2,1.2,3.3,0.0,0.0,-7.1,-2.5,0.1,-0.0,0.9,0.5,-2.2,-1.4,
1617velv-utpc,11671,Robotic Longhorns,18,2,142,100,5,,0.20,11.6,14.7,16.5,17.8,5.2,7.0,0.0,0.0,10.9,10.4,-0.8,-0.5,-3.7,-2.3,-1.2,-0.8,
1617velv-utpc,12235,RAWR'botics,19,2,141,65,5,,0.20,9.1,12.3,12.2,14.2,3.7,4.8,0.0,0.0,5.7,7.5,-0.3,-0.3,-0.0,0.0,-3.2,-2.1,
1617velv-utpc,10694,Ultimum Dominarum,20,2,125,55,5,,0.20,5.2,7.8,4.6,7.6,-2.7,-1.0,0.0,0.0,8.6,9.2,-0.2,-0.1,-0.6,-0.5,1.2,0.6,
1617velv-utpc,12384,HTML,21,2,85,50,5,,0.20,8.7,10.6,4.6,6.8,8.6,7.3,0.0,0.0,-6.9,-2.5,0.1,0.0,6.9,5.6,-2.8,-1.9,
1617velv-utpc,11431,Morgan High School,22,2,66,65,5,,0.20,3.7,6.9,1.7,5.5,-0.9,0.4,0.0,0.0,3.8,6.0,-0.1,-0.1,0.9,0.5,1.0,0.9,
1617velv-utpc,10684,Warpdrive,23,0,160,65,5,,0.00,16.3,17.0,12.2,12.5,9.3,9.5,0.0,0.0,11.4,10.1,-0.8,-0.5,-3.6,-2.2,7.8,6.7,
1617velv-casj,4998,Q,1,10,177,80,5,WC,1.00,54.3,47.3,50.5,42.4,27.0,22.9,0.0,0.0,27.1,23.2,-0.4,-0.3,0.6,1.3,3.3,3.4,
1617velv-casj,11527,49ers STEM Leadership Institute: The Shovels,2,8,99,55,5,FC,0.80,16.8,18.5,13.1,15.7,9.9,9.8,0.0,0.0,3.9,6.2,-2.0,-1.2,5.1,3.5,-1.4,-1.0,
1617velv-casj,7303,RoboAvatars,3,6,133,60,5,W1,0.60,24.4,22.9,27.1,23.6,4.1,4.3,0.0,0.0,13.3,11.9,11.6,9.5,-4.7,-2.9,2.0,2.0,
1617velv-casj,7641,M-SET Betta Fish,4,6,126,75,5,F1,0.60,11.1,14.0,0.9,4.5,6.1,6.1,0.0,0.0,4.6,6.4,0.1,0.7,0.3,0.5,9.9,8.8,
1617velv-casj,11387,iHexagon,5,6,118,51,5,SC,0.60,21.0,19.9,27.9,23.3,5.8,5.4,0.0,0.0,22.2,18.7,0.1,-0.1,-7.1,-4.3,0.2,0.7,
1617velv-casj,11521,49ers STEM Leadership Institute: Vortechs,6,6,116,70,5,SC,0.60,22.5,22.9,11.0,13.9,5.5,5.1,0.0,0.0,5.3,8.0,0.4,1.1,11.2,8.5,0.2,0.4,
1617velv-casj,12009,Terminal Ferocity,7,5,176,70,5,S1,0.50,12.2,14.8,20.9,20.7,8.2,7.8,0.0,0.0,5.1,7.3,0.5,0.7,-1.6,-1.2,-7.2,-4.9,
1617velv-casj,3791,Ziptiez,8,5,171,60,5,S1,0.50,27.4,25.0,19.4,17.3,-1.1,0.2,0.0,0.0,15.2,12.7,5.8,5.0,7.5,7.0,0.5,0.6,
1617velv-casj,11516,49ers STEM Leadership Institute: Evolution Robotics,9,5,118,70,5,,0.50,24.2,22.5,19.8,17.3,1.5,2.3,0.0,0.0,19.5,16.6,0.7,0.4,2.5,3.1,1.9,1.9,
1617velv-casj,11363,Silent Bot Deadly,10,5,82,56,5,,0.50,21.9,21.4,4.8,7.7,-0.6,0.3,0.0,0.0,7.8,9.3,0.1,0.3,14.6,11.4,2.5,2.2,
1617velv-casj,9727,Armored Patriots,11,4,115,45,5,,0.40,10.3,12.1,10.2,10.9,9.1,8.0,0.0,0.0,4.4,5.4,-2.3,-1.4,-0.8,0.0,0.9,1.0,
1617velv-casj,11550,49ers STEM Leadership Institute: Java Seals,12,4,101,80,5,,0.40,21.1,21.2,-7.2,-1.9,-3.9,-1.6,0.0,0.0,16.6,16.3,2.0,1.7,6.4,4.6,21.9,18.3,
1617velv-casj,10434,Negative Kelvin,13,2,124,50,5,,0.20,7.7,10.3,-1.8,2.6,6.4,5.7,0.0,0.0,-4.1,-0.1,-1.5,-0.8,6.9,5.2,2.5,2.3,
1617velv-casj,6818,Aimbot,14,2,107,70,5,,0.20,17.2,17.9,10.0,10.3,4.7,5.6,0.0,0.0,4.6,4.7,1.2,0.7,6.7,6.8,0.4,0.7,
1617velv-casj,10320,Underdogs,15,2,105,46,5,,0.20,10.7,12.1,10.9,9.2,2.2,2.2,0.0,0.0,13.2,11.8,-0.4,-0.3,-4.3,-1.8,4.2,4.5,
1617velv-maca,6055,GearTicks,1,10,69,170,5,WC,1.00,134.8,113.0,136.9,114.3,61.4,50.6,0.0,0.0,74.1,62.8,0.0,0.0,-0.7,-0.5,-1.4,-0.9,
1617velv-maca,3615,Blue Screen,2,8,68,150,5,W1,0.80,22.8,24.9,20.4,22.5,7.2,8.3,0.0,0.0,16.7,17.1,0.0,0.0,-1.0,-0.7,3.5,2.9,
1617velv-maca,11358,Silver Circuit,3,6,56,155,5,FC,0.60,16.4,19.8,16.9,20.2,7.1,8.5,0.0,0.0,9.5,11.6,0.0,0.0,-0.3,-0.3,-0.2,-0.2,
1617velv-maca,5273,ARC Thunder,4,6,31,40,5,SC,0.60,16.6,16.5,15.5,15.5,0.8,2.0,0.0,0.0,16.2,14.7,0.0,0.0,-0.4,-0.4,1.5,1.3,
1617velv-maca,9725,Architechti Newmani,5,4,66,45,5,S1,0.40,10.4,10.5,7.4,7.9,1.1,0.8,0.0,0.0,5.4,6.5,0.0,0.0,3.8,3.1,-0.8,-0.6,
1617velv-maca,10278,SB Raiders,6,4,64,140,5,SC,0.40,5.0,10.1,6.4,11.1,-5.5,-1.7,0.0,0.0,11.5,12.4,0.0,0.0,-1.0,-0.7,-0.4,-0.4,
1617velv-maca,6770,Canalmen,7,4,51,40,5,,0.40,19.9,22.3,16.5,19.4,0.4,3.0,0.0,0.0,16.5,16.6,0.0,0.0,3.0,2.5,0.5,0.2,
1617velv-maca,11359,SilverBots,8,4,45,130,5,S1,0.40,6.7,11.1,0.4,6.1,3.6,5.5,0.0,0.0,0.4,3.6,0.0,0.0,2.6,2.0,3.6,3.0,
1617velv-maca,10331,Hailstorm,9,4,29,40,5,,0.40,4.0,4.7,4.6,5.1,-1.0,-1.1,0.0,0.0,5.1,5.8,0.0,0.0,-0.1,-0.1,-0.5,-0.3,
1617velv-maca,4410,ARC Lightning,10,2,64,43,5,F1,0.20,6.6,7.3,7.3,7.3,6.4,5.4,0.0,0.0,-0.0,1.3,0.0,0.0,0.3,0.5,-0.9,-0.6,
1617velv-maca,3565,Ghost Robotics 1,11,2,27,20,5,,0.20,-1.8,-0.1,-2.1,-0.7,2.3,1.5,0.0,0.0,-3.4,-1.2,0.0,0.0,-0.8,-0.6,1.0,1.0,
1617velv-njrc,9999,The Ninejas,1,10,187,85,5,WC,1.00,46.8,43.7,46.7,43.1,22.1,20.3,0.0,0.0,25.6,23.8,0.3,0.3,-1.1,-0.9,1.3,1.4,
1617velv-njrc,7959,Cougar Cubs,2,10,95,130,5,FC,1.00,35.1,36.5,35.4,36.9,5.9,9.6,0.0,0.0,27.1,25.5,2.1,1.3,-0.0,-0.0,-0.3,-0.6,
1617velv-njrc,8405,Millburn Robotics,3,9,307,125,5,W1,0.90,98.8,83.0,94.4,80.3,84.0,69.0,0.0,0.0,16.1,15.1,-1.5,-1.2,0.2,-0.1,4.1,2.6,
1617velv-njrc,5398,Robotux,4,8,200,140,5,SC,0.80,85.5,73.8,71.4,62.2,30.0,26.9,0.0,0.0,30.0,26.0,11.3,9.2,14.2,11.5,-0.1,-0.1,
1617velv-njrc,9971,LANbros,5,8,185,160,5,SC,0.80,103.9,88.2,99.0,83.5,56.4,46.8,0.0,0.0,43.1,37.2,5.7,4.9,-1.3,-0.9,6.1,5.4,
1617velv-njrc,9927,The MidKnight Magic Too,6,8,122,125,5,F2,0.80,32.2,33.2,35.1,34.8,12.7,13.8,0.0,0.0,22.1,20.9,-3.1,-1.8,0.4,0.1,-3.4,-1.9,
1617velv-njrc,11257,Robotic Rockettes,7,8,108,80,5,,0.80,36.6,32.3,31.6,27.8,15.5,12.7,0.0,0.0,14.2,13.6,-1.0,-0.7,8.0,6.5,-3.0,-2.2,
1617velv-njrc,7026,JDroids,8,7,225,125,5,S1,0.70,67.4,62.2,66.4,60.8,51.7,44.1,0.0,0.0,18.1,17.6,-2.1,0.3,-0.2,-0.0,1.3,1.3,
1617velv-njrc,6936,CodeRunners,9,7,224,105,5,,0.70,23.1,26.4,17.8,21.4,0.7,5.0,0.0,0.0,4.4,5.1,10.7,10.1,7.3,6.0,-2.0,-1.2,
1617velv-njrc,6719,Piotech,10,6,190,115,5,W2,0.60,17.9,22.3,21.5,23.9,2.4,6.6,0.0,0.0,18.4,17.1,0.8,0.6,-3.7,-2.3,0.1,0.4,
1617velv-njrc,7071,EngiNerds,11,6,170,145,5,S2,0.60,36.0,35.8,38.1,37.4,18.4,18.6,0.0,0.0,21.7,20.1,-2.3,-1.8,-1.8,-1.3,-0.3,-0.5,
1617velv-njrc,6069,Pingry Robotics,12,6,121,80,5,,0.60,31.3,29.9,27.3,27.1,14.5,13.6,0.0,0.0,15.0,14.8,-0.1,-0.3,1.9,1.6,2.1,1.0,
1617velv-njrc,4102,CHS Cougars,13,6,85,120,5,,0.60,16.8,21.0,13.3,17.8,6.4,8.9,0.0,0.0,4.9,7.1,5.7,4.3,-0.2,0.5,3.7,2.4,
1617velv-njrc,10582,Emerald Knights,14,6,77,70,5,,0.60,15.0,17.5,14.8,16.8,0.0,1.8,0.0,0.0,13.2,13.8,-1.2,-0.3,3.0,2.1,-2.8,-1.5,
1617velv-njrc,7149,ENFORCERS,15,4,165,125,5,S1,0.40,38.4,35.5,40.0,36.3,0.9,2.6,0.0,0.0,7.7,8.2,31.2,25.1,-1.3,-0.6,-0.3,-0.4,
1617velv-njrc,4390,The Typhoons - Storm Robotics Team,16,4,151,130,5,,0.40,17.8,20.1,17.8,20.3,1.6,3.0,0.0,0.0,11.1,12.3,7.0,5.9,-1.8,-1.3,1.9,0.9,
1617velv-njrc,10096,Those Guys,17,4,144,80,5,F1,0.40,17.1,19.0,22.6,22.4,16.1,14.7,0.0,0.0,-2.7,0.7,7.2,5.7,-3.5,-2.3,-2.0,-1.3,
1617velv-njrc,6110,M.E.T.S. Mechanical Mayhem,18,4,140,140,5,,0.40,13.3,17.8,11.1,14.9,7.9,8.9,0.0,0.0,3.7,6.1,-4.2,-2.5,6.0,5.1,-3.7,-2.4,
1617velv-njrc,3774,Hive Voltage,19,4,125,55,5,,0.40,32.4,29.1,34.5,30.3,10.7,10.1,0.0,0.0,21.6,18.4,-0.3,0.3,0.5,0.2,-2.5,-1.5,
1617velv-njrc,7311,Terrier Byte Bots,20,4,125,55,5,,0.40,18.1,19.5,21.6,21.6,3.5,4.9,0.0,0.0,13.6,12.5,3.6,3.6,-2.6,-1.6,-0.9,-0.6,
1617velv-njrc,5873,Dragon Terminators,21,4,120,70,5,,0.40,35.1,29.0,28.2,23.4,16.5,13.5,0.0,0.0,19.8,16.3,-1.3,-0.7,0.0,-0.2,6.9,5.6,
1617velv-njrc,7433,The Cyclones - Storm Robotics Team,22,4,115,85,5,,0.40,17.6,18.8,2.7,6.7,-3.9,-2.2,0.0,0.0,12.8,12.2,-1.4,0.4,10.2,8.2,4.8,3.7,
1617velv-njrc,9244,Lenape Robotics,23,4,104,120,5,,0.40,18.7,21.5,10.2,14.9,3.7,6.2,0.0,0.0,6.8,8.6,-0.5,-0.3,8.7,6.8,-0.2,-0.4,
1617velv-njrc,3567,Fear The Gear,24,4,100,160,5,,0.40,21.5,23.4,25.4,26.0,14.3,14.4,0.0,0.0,5.3,7.2,1.1,1.3,0.8,0.4,-4.7,-3.2,
1617velv-njrc,7312,Terrier Byte Bots,25,4,100,120,5,,0.40,6.9,13.4,14.4,17.8,7.6,10.5,0.0,0.0,7.1,7.7,-3.0,-2.0,-4.8,-3.0,-2.6,-1.5,
1617velv-njrc,11304,Ridge Robotics,26,4,95,85,5,,0.40,12.5,12.3,11.0,11.1,9.4,8.0,0.0,0.0,4.3,4.8,0.9,0.6,-2.1,-1.3,3.6,2.3,
1617velv-njrc,11306,Prototype G,27,4,71,60,5,,0.40,12.5,13.1,10.1,11.7,2.9,4.0,0.0,0.0,10.0,9.1,-2.0,-1.0,1.6,0.8,0.8,0.3,
1617velv-njrc,11451,Alphabots,28,4,55,55,5,,0.40,8.8,12.2,10.7,13.2,1.1,2.9,0.0,0.0,8.8,10.0,0.2,-0.2,-1.3,-0.8,-0.6,-0.5,
1617velv-njrc,6337,Metal Marauders,29,3,187,105,5,,0.30,17.2,17.2,18.1,17.2,8.5,9.2,0.0,0.0,10.0,9.3,0.3,-0.4,-1.5,-1.1,0.7,1.0,
1617velv-njrc,9042,The MidKnight Magic,30,2,207,54,5,S2,0.20,20.0,20.9,21.6,21.7,14.7,13.0,0.0,0.0,7.1,8.7,0.1,0.2,-1.9,-1.1,0.3,0.2,
1617velv-njrc,5573,RoboCougars,31,2,126,60,5,,0.20,-15.7,-4.5,-29.3,-16.1,-14.2,-7.4,0.0,0.0,-1.3,2.4,1.0,1.1,-1.2,-0.8,14.8,12.2,
1617velv-njrc,10919,Fawkes Robotics,32,2,87,100,5,,0.20,27.1,24.2,21.0,18.8,6.6,6.5,0.0,0.0,18.0,15.8,5.3,3.4,-2.8,-1.6,8.8,6.8,
1617velv-njrc,5332,Cougar Current,33,2,85,40,5,,0.20,-0.5,3.1,-10.6,-4.6,-2.2,-1.1,0.0,0.0,0.3,3.4,-1.3,-0.8,2.7,1.4,7.4,6.1,
1617velv-njrc,4890,Hive Voltage 2.0,34,2,57,105,5,,0.20,-4.1,3.8,-1.0,5.2,-3.3,2.2,0.0,0.0,-2.6,0.3,2.1,1.2,-0.3,0.0,-2.7,-1.6,
1617velv-njrc,3415,Lancers,35,0,50,25,5,,0.00,-8.4,-3.1,-8.5,-3.0,-1.4,-0.4,0.0,0.0,-2.2,0.1,-6.6,-3.8,1.8,0.9,-1.7,-1.1,
1617velv-akan,11168,The Quantum Mechanics,1,8,305,115,5,FC,0.80,71.8,62.3,72.4,62.8,18.6,16.2,0.0,0.0,32.5,28.7,22.7,18.7,-2.0,-1.4,1.4,0.8,
1617velv-akan,9180,Phantom Wolves,2,8,230,115,5,WC,0.80,42.6,40.7,44.4,41.6,13.3,13.2,0.0,0.0,19.5,19.0,8.8,7.7,1.1,0.8,-2.8,-1.8,
1617velv-akan,5394,TacoS,3,8,195,110,5,SC,0.80,22.6,27.9,26.9,30.5,12.4,13.0,0.0,0.0,23.8,23.4,-7.2,-4.7,-6.3,-3.9,2.1,1.2,
1617velv-akan,4955,Dimond Engineering Per 4,4,8,160,80,5,W1,0.80,48.0,42.2,48.7,42.8,22.8,20.3,0.0,0.0,22.3,20.1,-0.1,-0.0,3.0,1.6,-3.7,-2.2,
1617velv-akan,3480,FrostByte,5,6,225,160,5,F1,0.60,70.6,60.1,58.4,50.0,19.3,16.8,0.0,0.0,29.4,25.6,7.9,6.2,14.2,11.5,-1.9,-1.3,
1617velv-akan,5532,Techno Wolves,6,6,206,65,5,SC,0.60,29.1,29.1,29.5,29.4,16.3,15.1,0.0,0.0,14.4,14.2,-0.4,0.3,-1.1,-0.6,0.7,0.3,
1617velv-akan,6112,Silver Wolves,7,6,161,76,5,,0.60,25.8,27.1,26.0,26.9,2.4,3.7,0.0,0.0,16.3,16.1,4.3,5.2,2.8,2.0,-3.0,-1.8,
1617velv-akan,10610,Mears Gears,8,6,110,75,5,S1,0.60,32.3,29.1,28.7,26.4,4.2,4.5,0.0,0.0,16.5,15.1,8.0,6.9,3.7,2.5,-0.1,0.1,
1617velv-akan,7388,StarBots,9,6,107,115,5,,0.60,6.2,12.9,9.3,14.4,-0.1,2.5,0.0,0.0,5.5,7.9,3.8,4.2,-3.0,-1.8,-0.0,0.3,
1617velv-akan,3492,Team Zip Ties,10,4,210,160,5,S1,0.40,28.8,29.6,16.7,19.5,9.2,9.5,0.0,0.0,7.6,9.4,-3.3,-1.4,15.3,12.0,-3.2,-1.9,
1617velv-akan,6695,FrostTech,11,4,205,65,5,,0.40,21.1,21.9,10.3,12.6,11.2,10.8,0.0,0.0,7.4,8.0,2.0,2.7,0.5,0.4,10.2,9.0,
1617velv-akan,8539,Bazinga Bots,12,4,175,80,5,,0.40,15.3,17.9,12.9,15.8,7.1,7.8,0.0,0.0,7.0,8.2,1.3,1.7,-0.1,0.0,2.5,2.0,
1617velv-akan,12234,StReAM Robotics,13,4,131,76,5,,0.40,21.0,20.5,18.8,18.4,10.1,9.8,0.0,0.0,8.0,8.3,0.7,0.6,2.1,1.7,0.0,0.4,
1617velv-akan,7298,Polar Bots,14,2,165,80,5,,0.20,3.2,8.9,9.8,13.1,1.0,2.6,0.0,0.0,4.0,5.8,5.4,4.9,-7.3,-4.5,0.6,0.3,
1617velv-akan,4954,SPECTRE,15,2,156,80,5,,0.20,18.0,20.0,9.0,11.6,7.9,8.3,0.0,0.0,7.5,8.4,7.6,6.1,-5.0,-2.8,14.0,11.3,
1617velv-akan,9781,Gravity Check,16,2,145,65,5,,0.20,4.9,9.2,8.0,11.2,7.4,7.8,0.0,0.0,0.8,2.9,-0.6,-0.3,-2.6,-1.3,-0.5,-0.7,
1617velv-akan,12296,Robot STrEaM,17,0,136,60,5,,0.00,12.2,11.9,9.1,9.9,5.1,4.9,0.0,0.0,4.7,5.0,-1.0,0.1,3.3,1.8,-0.2,0.3,
1617velv-azph,7156,SHPE Wolves #2,1,8,153,85,5,FC,0.80,43.7,38.4,38.2,33.7,8.8,7.8,0.0,0.0,30.3,26.6,4.0,3.3,0.6,0.4,4.9,4.2,
1617velv-azph,201,BroncoBotics,2,8,103,65,5,SC,0.80,21.1,20.3,20.3,18.9,5.7,6.1,0.0,0.0,9.5,8.8,2.7,2.4,3.2,2.7,-2.3,-1.4,
1617velv-azph,10111,Herberger Javelinas,3,8,100,170,5,WC,0.80,62.6,54.3,52.0,45.0,31.6,26.9,0.0,0.0,22.7,19.3,-3.1,-2.0,11.5,9.8,-0.9,-0.7,
1617velv-azph,7716,Knight Tech Robotics,4,8,95,60,5,SC,0.80,3.8,9.4,9.9,13.0,0.7,2.9,0.0,0.0,5.9,8.2,-0.4,-0.5,-2.4,-1.6,-3.7,-2.2,
1617velv-azph,6174,Odyssey Automatons,5,6,182,170,5,W1,0.60,55.8,49.0,47.8,41.4,24.2,20.9,0.0,0.0,12.5,11.1,11.6,9.5,7.6,7.2,0.5,0.2,
1617velv-azph,11578,Phoenix Coding Academy Pythons,6,6,150,63,5,S1,0.60,26.6,22.9,28.9,23.8,4.5,2.7,0.0,0.0,25.4,21.7,-0.5,0.0,-2.8,-1.8,0.5,0.8,
1617velv-azph,2844,Valley X Robotics,7,6,145,100,5,S1,0.60,35.1,32.9,34.4,30.8,19.4,17.2,0.0,0.0,16.8,15.7,2.1,1.6,-3.1,-2.0,3.8,4.0,
1617velv-azph,10984,Beep Patrol,8,6,105,101,5,F1,0.60,56.1,47.4,34.9,28.7,25.3,20.2,0.0,0.0,13.7,12.2,1.8,1.6,15.4,13.1,5.9,5.5,
1617velv-azph,10246,TigeRoboteks,9,6,97,101,5,,0.60,15.8,19.0,5.8,10.0,-3.1,0.1,0.0,0.0,14.3,14.4,-0.5,-0.5,5.1,4.7,4.9,4.2,
1617velv-azph,11734,Golden Eagles,10,6,65,42,5,,0.60,-1.7,2.5,-2.1,2.0,-0.3,1.3,0.0,0.0,-1.2,1.1,-0.5,-0.5,0.2,0.5,0.2,0.0,
1617velv-azph,9743,Stingers,11,6,61,35,5,,0.60,3.4,6.3,11.5,11.6,2.7,3.2,0.0,0.0,5.5,6.1,-0.6,-0.4,-4.2,-2.8,-3.9,-2.6,
1617velv-azph,10239,Xavier Robotics,12,4,90,100,5,,0.40,8.7,14.5,-5.2,1.6,-1.8,2.3,0.0,0.0,-2.5,1.0,2.9,2.1,10.2,8.9,3.7,3.9,
1617velv-azph,11854,STEM EAGLES,13,4,80,50,5,,0.40,10.9,12.1,-15.1,-9.6,2.3,3.7,0.0,0.0,3.1,3.3,-0.2,-0.2,5.7,5.1,20.3,16.6,
1617velv-azph,12241,Panther Robotics,14,2,109,65,5,,0.20,15.7,13.4,-1.7,-1.6,11.2,8.3,0.0,0.0,6.6,5.8,-1.8,-1.3,-0.3,0.3,17.7,14.6,
1617velv-azph,8784,Sprockets,15,2,73,36,5,,0.20,-3.9,1.1,-1.8,2.0,-1.5,0.9,0.0,0.0,-0.9,0.9,-2.2,-1.6,0.8,0.7,-2.8,-1.7,
1617velv-azph,5661,SHPE Wolves,16,2,70,45,5,,0.20,-0.0,5.2,-8.3,-2.0,-7.0,-3.4,0.0,0.0,-0.2,2.6,6.5,5.5,0.7,0.2,7.6,6.9,
1617velv-azph,11849,Sheely STEM A,17,2,65,50,5,,0.20,2.1,5.2,-0.0,2.5,5.3,5.3,0.0,0.0,-7.3,-4.1,-1.8,-1.2,5.9,5.0,-3.8,-2.4,
1617velv-azph,8499,Robo Hawks,18,2,50,60,5,,0.20,6.5,8.6,14.8,14.1,-1.5,0.4,0.0,0.0,12.4,10.9,-0.8,-0.7,-3.5,-2.3,-4.7,-3.4,
1617velv-azph,12244,Wildcat Robotics,19,2,35,25,5,,0.20,5.5,4.0,11.9,8.3,6.6,4.3,0.0,0.0,4.3,3.0,-1.0,-0.7,-4.5,-2.9,-1.9,-1.5,
1617velv-gard,10219,Mt Bethel Christian Academy,1,10,137,240,5,SC,1.00,73.1,62.9,31.4,32.8,32.2,26.9,0.0,0.0,8.6,10.8,-5.2,-3.1,37.6,28.3,4.2,1.7,
1617velv-gard,11702,Sentinel Robotics,2,10,95,155,5,WC,1.00,59.7,53.5,47.3,44.7,18.2,17.4,0.0,0.0,24.0,22.0,6.9,6.0,10.7,7.9,1.8,0.8,
1617velv-gard,9206,iRobotics,3,8,153,85,5,SC,0.80,25.7,26.3,45.9,37.7,13.2,12.5,0.0,0.0,18.7,16.6,5.1,3.5,-11.3,-6.5,-8.9,-5.0,
1617velv-gard,10068,Duct-Ties & Zip-Tape,4,8,131,240,5,FC,0.80,70.4,63.4,54.1,45.5,17.5,17.2,0.0,0.0,18.5,16.3,7.9,6.1,26.4,23.7,-10.2,-5.8,
1617velv-gard,11347,Circuit Runners - Black,5,8,114,100,5,S1,0.80,51.2,45.7,55.1,48.5,28.9,24.0,0.0,0.0,26.3,24.0,-2.3,-1.4,-1.7,-1.0,-2.2,-1.9,
1617velv-gard,6047,Twisted Axles,6,8,110,110,5,S1,0.80,17.2,19.9,1.7,9.8,-0.6,2.3,0.0,0.0,2.0,5.0,15.8,12.8,0.0,-0.3,15.5,10.4,
1617velv-gard,9835,Robochicks,7,8,66,60,5,S2,0.80,21.0,21.4,32.1,24.8,5.5,6.5,0.0,0.0,18.4,14.7,7.4,5.8,-10.2,-5.7,-0.9,2.2,
1617velv-gard,1002,The CircuitRunners,8,8,60,80,5,F2,0.80,29.7,25.7,31.3,26.0,13.6,11.1,0.0,0.0,15.2,13.9,0.3,0.2,0.6,0.3,-2.2,-0.7,
1617velv-gard,6278,RoboGlads,9,6,152,55,5,S2,0.60,10.1,15.3,28.4,25.4,-0.1,3.1,0.0,0.0,24.8,21.0,1.7,0.8,-16.3,-9.7,-2.0,-0.5,
1617velv-gard,10158,Kronos Robotics,10,6,120,150,5,W2,0.60,70.1,59.4,58.3,47.5,21.4,17.8,0.0,0.0,24.2,21.1,1.0,0.5,23.5,19.9,-11.7,-8.1,
1617velv-gard,2981,Red RoboDragon,11,6,110,60,5,,0.60,10.2,12.7,5.1,10.9,2.4,3.5,0.0,0.0,12.3,13.0,-3.8,-2.4,-0.7,-1.5,5.8,3.2,
1617velv-gard,11750,Bellatorum,12,6,108,140,5,W1,0.60,65.1,55.3,66.7,55.2,44.6,36.2,0.0,0.0,28.4,24.7,-5.6,-3.5,-2.3,-2.3,0.7,2.4,
1617velv-gard,8875,Quicksilver Surge,13,6,90,55,5,,0.60,18.5,17.4,11.4,11.0,1.9,1.4,0.0,0.0,10.2,10.1,-2.6,-1.3,9.0,7.1,-2.0,-0.8,
1617velv-gard,112,RoboKnights of the Round Table,14,6,82,85,5,,0.60,19.8,18.6,32.5,25.4,13.6,11.1,0.0,0.0,11.5,10.2,-3.4,-2.2,-1.8,-0.6,-10.9,-6.3,
1617velv-gard,11141,Neon Nights Reload,15,6,70,155,5,,0.60,33.9,30.4,32.5,27.3,14.3,12.8,0.0,0.0,12.7,11.0,4.5,3.3,2.4,3.3,-0.9,-0.2,
1617velv-gard,12344,McIntosh Robotics Team,16,6,55,36,5,,0.60,-2.4,1.6,5.9,5.6,1.8,2.0,0.0,0.0,3.2,3.8,-5.1,-3.1,-2.2,-1.1,-6.1,-3.0,
1617velv-gard,9686,Raiders of the ARC Black,17,6,40,150,5,,0.60,28.0,25.0,-0.4,3.6,6.8,5.5,0.0,0.0,-2.3,0.8,-2.5,-1.3,26.1,19.8,2.4,1.5,
1617velv-gard,5898,Galactic Lions,18,4,133,106,5,,0.40,25.0,26.3,24.6,25.7,4.0,6.5,0.0,0.0,22.2,20.5,3.4,1.6,-4.5,-2.3,5.0,2.9,
1617velv-gard,10396,Raiders of the ARC Silver,19,4,126,55,5,,0.40,-12.5,-1.9,-10.6,-2.5,-12.8,-6.3,0.0,0.0,2.2,3.9,1.7,0.9,-3.5,-0.5,1.6,1.0,
1617velv-gard,6989,Spartan Black Robotics,20,4,97,106,5,F1,0.40,39.0,33.4,31.3,29.2,22.1,18.0,0.0,0.0,11.9,12.7,-2.3,-1.1,7.3,3.9,0.4,0.3,
1617velv-gard,5991,Tigerbytes,21,4,97,100,5,,0.40,13.5,14.6,14.1,12.9,9.5,9.8,0.0,0.0,4.9,5.3,-0.3,-0.4,-0.7,-0.2,-0.0,1.9,
1617velv-gard,11967,ATOM,22,4,97,55,5,,0.40,8.2,10.0,-14.9,-9.3,-1.5,0.6,0.0,0.0,8.1,8.5,1.3,0.6,0.2,0.1,22.8,19.0,
1617velv-gard,5161,Eaglemaniacs,23,4,78,50,5,,0.40,5.2,7.9,8.9,10.1,-5.9,-3.1,0.0,0.0,8.3,8.8,2.4,1.8,0.3,0.3,-4.0,-2.6,
1617velv-gard,11879,Spartan Red Robotics,24,4,75,85,5,,0.40,11.5,13.3,-11.5,-9.3,1.3,2.3,0.0,0.0,18.1,15.7,0.2,0.2,-8.0,-4.9,31.0,27.5,
1617velv-gard,1379,Gear Devils,25,4,61,52,5,,0.40,-2.1,3.7,-36.6,-22.3,-5.8,-2.6,0.0,0.0,4.5,7.5,-0.7,-0.4,-0.1,-0.9,34.6,26.9,
1617velv-gard,7673,HATS (Helping Advance Technology and Science),26,4,61,50,5,,0.40,27.1,23.4,8.2,8.5,2.7,1.9,0.0,0.0,10.3,10.4,1.0,0.5,13.1,10.5,5.9,4.3,
1617velv-gard,11857,Patriotrons,27,4,58,55,5,,0.40,19.4,16.1,6.9,7.7,12.8,9.3,0.0,0.0,-1.4,0.7,-1.8,-1.1,9.8,7.2,2.7,1.2,
1617velv-gard,10072,Pixilation Nation,28,4,25,59,5,,0.40,8.7,10.9,20.0,16.7,-4.8,-1.5,0.0,0.0,14.2,12.1,1.1,0.6,-1.8,-0.4,-9.5,-5.5,
1617velv-gard,4327,Silver Titans,29,2,105,60,5,,0.20,2.2,6.8,1.1,5.6,8.2,8.3,0.0,0.0,-2.4,0.7,-1.6,-1.1,-2.0,-1.2,3.2,2.3,
1617velv-gard,8014,Teen Titans,30,2,77,50,5,,0.20,15.0,14.3,11.9,10.1,-0.3,0.5,0.0,0.0,5.4,5.6,-1.1,-0.5,11.0,8.5,-7.9,-4.5,
1617velv-gard,3819,Green RoboDragon,31,2,70,100,5,,0.20,-2.5,3.5,-20.6,-11.4,3.9,4.8,0.0,0.0,1.1,3.8,-0.7,-0.6,-6.7,-4.6,24.8,19.4,
1617velv-gard,7377,Adeamus,32,2,47,30,5,,0.20,-12.4,-4.4,-11.1,-3.3,-6.6,-2.8,0.0,0.0,-1.2,1.3,-0.2,-0.1,-4.4,-3.0,3.1,1.7,
1617velv-gard,10458,EVE,33,2,46,45,5,,0.20,-16.9,-7.9,-1.4,0.9,-7.0,-3.5,0.0,0.0,2.8,2.9,3.7,2.4,-16.4,-9.8,1.0,0.9,
1617velv-gard,2858,Sparbots,34,2,45,35,5,,0.20,16.5,13.0,30.6,20.6,4.6,3.5,0.0,0.0,12.9,9.5,0.7,0.4,-1.6,-0.5,-12.4,-7.2,
1617velv-gard,11595,GA STEM Power,35,2,21,20,5,,0.20,-9.8,-5.2,-30.7,-19.8,0.8,1.1,0.0,0.0,-13.3,-7.6,-1.8,-1.1,4.5,2.3,16.4,12.2,
1617velv-gard,11662,Grace & the BroBots,36,0,80,55,5,,0.00,9.5,11.2,-5.5,1.1,0.7,1.8,0.0,0.0,-2.3,1.1,1.0,0.5,10.1,7.6,4.9,2.4,
1617velv-maan,9480,Duct Tape Dynasty,1,10,245,185,5,FC,1.00,68.9,60.3,33.2,32.0,10.4,10.3,0.0,0.0,21.0,20.8,0.7,0.4,36.7,28.6,-1.1,-0.3,
1617velv-maan,9797,Eagle Empire,2,10,184,145,5,F1,1.00,46.8,49.1,47.9,47.9,19.0,18.7,0.0,0.0,33.0,31.8,-1.9,-1.3,-3.3,-0.2,2.3,1.4,
1617velv-maan,4029,2 Bits and a Byte,3,10,121,255,5,WC,1.00,96.0,82.0,64.4,56.6,15.8,13.7,0.0,0.0,48.7,42.9,0.1,-0.1,31.4,25.3,0.3,0.2,
1617velv-maan,8644,The Brainstormers,4,8,341,185,5,W1,0.80,85.8,77.2,95.3,83.4,45.8,39.4,0.0,0.0,46.6,41.6,-0.1,-0.1,-6.4,-3.9,-3.0,-2.2,
1617velv-maan,3737,Hank's Tanks,5,6,178,105,5,SC,0.60,10.9,19.7,28.2,29.6,2.9,5.1,0.0,0.0,23.8,23.6,-0.4,-0.3,-15.4,-9.0,-1.9,-0.9,
1617velv-maan,3085,Higgs Bots,6,6,145,110,5,SC,0.60,21.0,24.6,30.0,29.2,5.1,7.3,0.0,0.0,19.9,19.9,-1.3,-0.9,-2.7,-1.8,-6.2,-2.8,
1617velv-maan,8470,Team Technado,7,4,296,140,5,,0.40,13.3,21.4,10.3,15.9,10.8,12.1,0.0,0.0,9.9,13.1,-0.0,-0.1,-7.4,-4.0,10.4,9.4,
1617velv-maan,7245,Big Green,8,4,195,65,5,,0.40,44.1,37.1,38.2,33.9,25.6,21.7,0.0,0.0,12.1,11.9,0.7,0.4,5.7,2.8,0.3,0.4,
1617velv-maan,5436,Aluminum Cobblers,9,4,131,95,5,S1,0.40,11.4,15.6,-7.8,-1.3,-1.8,0.4,0.0,0.0,12.6,12.4,-1.9,-1.2,2.4,3.8,16.7,13.1,
1617velv-maan,11473,Oxford High School,10,4,116,110,5,,0.40,14.8,18.8,31.4,29.2,11.1,11.3,0.0,0.0,11.9,12.7,0.3,0.0,-8.5,-5.5,-8.2,-4.9,
1617velv-maan,839,The Velocity Raptors,11,4,115,75,5,,0.40,20.7,19.9,11.7,10.5,4.7,4.7,0.0,0.0,4.0,5.4,7.0,5.7,4.9,3.8,4.0,5.5,
1617velv-maan,1,Team Unlimited,12,4,114,80,5,,0.40,47.8,45.0,21.8,21.9,-2.0,-0.2,0.0,0.0,14.8,15.0,3.2,2.9,31.9,27.1,-5.8,-4.1,
1617velv-maan,10560,Robo Hawks,13,4,75,60,5,,0.40,-5.4,2.4,4.3,6.1,-3.1,-0.4,0.0,0.0,-2.2,0.5,0.9,0.5,-1.0,1.6,-8.7,-5.3,
1617velv-maan,8379,The Parity Bits,14,2,305,105,5,S1,0.20,55.9,48.4,37.3,33.8,15.9,15.1,0.0,0.0,28.0,25.5,3.0,2.6,9.0,5.1,9.6,9.6,
1617velv-maan,11251,Lexington Legoheads,15,2,127,55,5,,0.20,20.9,17.6,-12.3,-8.5,13.5,11.7,0.0,0.0,3.1,3.6,-1.6,-1.1,5.9,3.2,27.3,22.9,
1617velv-maan,7297,LiMITless,16,2,74,85,5,,0.20,-3.3,1.9,2.1,6.0,2.7,3.4,0.0,0.0,2.2,4.0,-2.4,-1.7,-5.8,-3.9,0.4,-0.2,
1617velv-maan,7571,Alumineers,17,0,161,65,5,,0.00,-1.1,6.3,-27.5,-18.7,3.6,4.4,0.0,0.0,-2.8,0.4,7.9,6.8,-9.8,-5.6,36.2,30.5,
1617velv-nyrh,7475,The Navigators,1,9,175,85,5,WC,0.90,18.4,21.7,18.4,21.7,1.6,4.3,0.0,0.0,18.0,17.3,-1.2,0.0,0.0,0.0,0.0,0.0,
1617velv-nyrh,12052,Ossining Obots,2,8,195,90,5,SC,0.80,35.6,31.6,35.6,31.6,11.1,9.7,0.0,0.0,16.1,14.9,8.4,6.9,0.0,0.0,0.0,0.0,
1617velv-nyrh,6955,RO Bo Vines,3,8,95,77,5,FC,0.80,14.7,18.5,14.7,18.5,6.0,7.1,0.0,0.0,17.3,16.8,-8.6,-5.5,0.0,0.0,0.0,0.0,
1617velv-nyrh,11607,HazMatrix,4,6,235,105,5,SC,0.60,20.0,22.2,20.0,22.2,-0.0,2.7,0.0,0.0,2.2,3.9,17.8,15.6,0.0,0.0,0.0,0.0,
1617velv-nyrh,8490,Mamaroneck Tigers,5,6,200,105,5,S1,0.60,55.5,47.1,55.5,47.1,25.5,21.2,0.0,0.0,23.6,20.8,6.5,5.0,0.0,0.0,0.0,0.0,
1617velv-nyrh,6460,RoboWarriors,6,5,150,90,5,S1,0.50,32.3,29.3,32.3,29.3,12.8,11.8,0.0,0.0,14.4,13.4,5.0,4.1,0.0,0.0,0.0,0.0,
1617velv-nyrh,6966,Bat Bots,7,5,115,50,5,,0.50,4.4,7.9,4.4,7.9,3.4,4.9,0.0,0.0,6.0,6.0,-5.1,-3.1,0.0,0.0,0.0,0.0,
1617velv-nyrh,4809,Botman,8,4,215,55,5,F1,0.40,35.8,29.8,35.8,29.8,24.6,19.8,0.0,0.0,8.4,7.8,2.8,2.0,0.0,0.0,0.0,0.0,
1617velv-nyrh,4654,Jellyfish,9,4,100,70,5,,0.40,9.4,12.5,9.4,12.5,2.3,3.4,0.0,0.0,8.4,9.4,-1.3,-0.4,0.0,0.0,0.0,0.0,
1617velv-nyrh,8527,Bond Bots,10,4,100,45,5,,0.40,17.8,14.6,17.8,14.6,0.6,0.2,0.0,0.0,11.9,10.9,5.3,3.4,0.0,0.0,0.0,0.0,
1617velv-nyrh,18,Techno Chix,11,3,205,70,5,W1,0.30,28.9,25.6,28.9,25.6,19.5,16.2,0.0,0.0,0.2,1.6,9.2,7.7,0.0,0.0,0.0,0.0,
1617velv-nyrh,7420,MechaSpartans,12,2,165,55,5,,0.20,5.5,11.1,5.5,11.1,4.5,7.0,0.0,0.0,3.5,4.9,-2.5,-0.9,0.0,0.0,0.0,0.0,
1617velv-nyrh,12011,InTigers,13,1,135,55,5,,0.10,-2.2,4.6,-2.2,4.6,2.6,5.0,0.0,0.0,-1.9,1.0,-2.9,-1.6,0.0,0.0,0.0,0.0,
1617velv-akin,3480,FrostByte,1,10,167,130,5,WC,1.00,63.5,57.5,51.0,45.7,32.9,27.8,0.0,0.0,26.4,25.0,10.4,9.1,-6.2,-4.5,18.7,16.2,
1617velv-akin,3595,Schrödinger's Hat,2,8,175,90,5,FC,0.80,48.2,43.2,42.9,40.0,17.6,16.4,0.0,0.0,12.4,12.3,15.0,12.6,3.2,1.8,2.1,1.3,
1617velv-akin,10817,The BOTanosits,3,8,105,90,5,F1,0.80,22.4,23.0,28.7,27.0,3.8,4.9,0.0,0.0,22.6,19.9,0.1,0.6,-4.0,-2.5,-2.3,-1.7,
1617velv-akin,10908,B.E.M.H.E-D-F.D.K.A.S IV,4,6,152,120,5,SC,0.60,35.8,34.6,21.2,21.1,-11.2,-6.8,0.0,0.0,16.8,16.0,6.1,5.7,24.0,19.6,-9.4,-6.2,
1617velv-akin,9019,Nuclear Wolves,5,4,235,85,5,W1,0.40,35.8,33.9,39.4,35.9,19.2,16.6,0.0,0.0,12.9,13.2,3.5,3.8,0.1,0.3,-3.8,-2.4,
1617velv-akin,5122,Franklin & Friends,6,4,206,90,5,S1,0.40,24.2,24.0,32.3,29.1,17.1,15.0,0.0,0.0,11.9,10.6,5.4,4.9,-10.2,-6.6,2.1,1.4,
1617velv-akin,9703,Intelli-Gents,7,4,181,130,5,SC,0.40,34.6,33.5,14.7,16.6,5.5,6.1,0.0,0.0,25.6,22.9,8.3,7.4,-4.8,-3.0,24.7,19.8,
1617velv-akin,10399,,8,4,135,45,5,,0.40,2.4,6.9,4.5,8.2,2.7,3.3,0.0,0.0,0.4,3.7,-3.4,-1.8,2.7,1.6,-4.8,-3.0,
1617velv-akin,9704,Tunnel Snakes,9,4,132,51,5,,0.40,10.4,12.2,11.2,12.8,-1.1,0.7,0.0,0.0,6.4,7.6,1.8,1.8,3.2,1.8,-4.1,-2.6,
1617velv-akin,3792,SunChasers,10,4,107,46,5,,0.40,5.9,8.7,5.8,8.8,7.8,6.4,0.0,0.0,1.5,4.1,-0.3,0.2,-3.0,-2.1,3.2,2.0,
1617velv-akin,10616,RoboDidactic,11,4,95,120,5,,0.40,22.9,23.9,0.3,5.4,2.6,3.8,0.0,0.0,0.4,3.2,-4.2,-2.9,24.2,19.6,-1.5,-1.2,
1617velv-akin,10502,Kuskokwim Surf Monsters,12,2,187,90,5,,0.20,9.4,12.9,15.4,16.8,9.4,9.6,0.0,0.0,5.3,6.1,-0.8,-0.0,-4.4,-2.8,-1.5,-1.2,
1617velv-akin,9702,The Eleventh Hour,13,2,145,65,5,S1,0.20,13.6,15.0,13.8,15.3,-2.4,0.7,0.0,0.0,15.7,14.2,-1.9,-1.4,2.2,1.4,-2.4,-1.7,
1617velv-vanod1,519,ED Too,1,10,151,160,5,FC,1.00,91.4,78.8,88.7,75.5,58.0,48.3,0.0,0.0,35.9,31.6,-1.3,-0.6,-1.2,-0.7,3.9,4.0,
1617velv-vanod1,8095,Bulldogs,2,10,37,100,5,WC,1.00,58.5,50.9,58.3,50.2,30.4,25.0,0.0,0.0,29.0,26.5,-2.0,-1.3,1.1,0.5,-0.9,0.2,
1617velv-vanod1,7117,The Blockheads,3,8,226,160,5,W1,0.80,71.0,64.3,69.8,62.1,22.5,21.3,0.0,0.0,29.4,26.0,16.1,13.3,3.0,3.5,-1.8,-1.3,
1617velv-vanod1,3749,Bionic Penguins,4,8,164,95,5,F1,0.80,57.9,49.2,62.8,51.7,12.4,10.4,0.0,0.0,13.1,11.7,36.6,29.7,-4.3,-2.7,-0.6,0.2,
1617velv-vanod1,9073,Knightrix,5,8,105,100,5,SC,0.80,52.9,48.1,56.5,50.3,16.3,15.4,0.0,0.0,34.9,29.8,6.7,5.7,-5.1,-2.9,1.5,0.7,
1617velv-vanod1,11479,Circuit Squad,6,8,103,130,5,S1,0.80,19.5,22.4,12.3,16.2,-2.5,0.5,0.0,0.0,8.9,11.0,4.5,4.2,8.5,6.6,-1.4,-0.3,
1617velv-vanod1,6010,Thunder Stone,7,7,150,140,5,SC,0.70,28.1,29.4,15.7,19.8,14.5,14.4,0.0,0.0,10.0,12.0,-0.0,0.3,3.6,2.7,8.8,6.9,
1617velv-vanod1,7953,Vertigo,8,7,107,65,5,W2,0.70,35.6,31.8,32.3,27.5,18.9,16.2,0.0,0.0,21.5,18.3,-1.1,-1.0,-3.8,-1.8,7.1,6.2,
1617velv-vanod1,7729,Seahawks Robotics,9,6,100,75,5,S1,0.60,19.4,19.9,23.1,21.2,-5.9,-2.9,0.0,0.0,22.8,20.3,1.8,1.2,0.8,1.3,-4.4,-2.5,
1617velv-vanod1,9064,Nerds of the North,10,6,93,155,5,S2,0.60,26.2,27.7,21.6,23.2,13.8,13.7,0.0,0.0,16.1,16.3,-2.0,-1.1,-1.8,-1.3,6.4,5.8,
1617velv-vanod1,11718,Warren County Wildcats,11,6,61,70,5,,0.60,-6.4,3.6,-19.0,-7.2,-11.1,-4.5,0.0,0.0,0.4,3.1,1.9,2.7,2.3,2.2,10.3,8.6,
1617velv-vanod1,11804,Centreville 4,12,6,40,80,5,,0.60,2.2,9.0,2.1,8.6,-2.2,0.9,0.0,0.0,7.8,9.2,-4.8,-2.3,1.4,1.2,-1.3,-0.8,
1617velv-vanod1,6633,Science Blasters,13,5,63,85,5,S2,0.50,9.1,12.4,13.3,15.1,-4.9,-1.0,0.0,0.0,14.3,13.8,0.6,0.2,-0.9,-0.7,-3.3,-2.0,
1617velv-vanod1,226,OHS 623 FTC Team 1,14,4,132,65,5,,0.40,14.0,15.8,5.0,8.0,10.9,9.5,0.0,0.0,0.3,1.4,-2.4,-0.3,5.3,5.1,3.7,2.6,
1617velv-vanod1,33,Enigma,15,4,48,80,5,,0.40,7.8,11.4,7.6,11.0,-1.6,0.4,0.0,0.0,8.4,8.8,0.8,1.7,0.2,0.4,0.0,0.1,
1617velv-vanod1,4634,FROGBOTS,16,3,214,70,5,F2,0.30,28.5,28.0,21.9,21.8,11.8,11.6,0.0,0.0,-3.0,0.4,9.6,7.9,10.1,8.0,-3.5,-1.7,
1617velv-vanod1,10869,Maze Masters,17,2,155,100,5,,0.20,32.7,30.2,20.5,20.3,11.8,10.5,0.0,0.0,7.4,8.0,1.3,2.2,12.2,9.4,0.0,0.5,
1617velv-vanod1,9830,Centreville Robotics,18,2,138,100,5,,0.20,13.2,15.8,3.8,7.7,5.9,5.7,0.0,0.0,4.0,5.8,-4.6,-3.0,8.0,7.2,1.4,0.9,
1617velv-vanod1,9813,Kilroy Jr. Robotics,19,2,129,70,5,,0.20,14.7,16.0,-10.4,-4.5,4.6,5.1,0.0,0.0,1.4,3.4,-1.9,-1.0,10.7,8.4,14.5,12.1,
1617velv-vanod1,11315,GEM Bots,20,2,78,135,5,,0.20,14.5,14.8,4.3,6.1,2.3,2.9,0.0,0.0,-2.2,0.0,2.8,2.4,11.6,9.3,-1.4,-0.7,
1617velv-vanod1,10442,Iron Giants,21,2,77,80,5,,0.20,3.4,8.4,2.2,5.8,-0.6,1.4,0.0,0.0,11.7,11.6,-0.4,-0.3,-7.3,-4.5,8.5,7.1,
1617velv-vanod1,8597,Gizmo Gurus,22,2,44,60,5,,0.20,8.4,9.9,11.5,11.0,7.7,7.1,0.0,0.0,4.1,4.2,-0.3,-0.1,-3.2,-1.4,0.1,0.4,
1617velv-vanod1,8383,OddBots,23,2,31,85,5,,0.20,13.0,11.8,8.8,8.5,10.8,8.7,0.0,0.0,-1.4,0.9,-0.9,-0.8,4.4,2.9,-0.3,0.4,
1617velv-vanod1,6383,Zeus' Bolts,24,0,86,49,5,,0.00,-5.9,-0.7,1.1,3.2,-5.0,-2.0,0.0,0.0,5.8,5.0,0.9,0.9,-7.7,-4.7,0.7,0.8,
1617velv-vanod2,7278,LibraryBots,1,8,156,95,5,WC,0.80,34.4,34.4,30.5,28.7,14.3,15.1,0.0,0.0,16.2,15.9,4.7,3.5,-0.8,-0.3,4.7,5.9,
1617velv-vanod2,8535,Game Masters,2,8,135,240,5,FC,0.80,71.7,61.6,23.8,22.8,8.1,8.6,0.0,0.0,28.0,24.4,0.8,0.4,34.9,28.1,13.0,10.5,
1617velv-vanod2,4592,Nuts and Bolts,3,8,105,145,5,SC,0.80,60.1,52.0,33.5,33.2,15.6,14.9,0.0,0.0,23.1,19.9,1.1,1.2,20.3,15.9,6.4,2.8,
1617velv-vanod2,8297,Geared UP!,4,8,100,95,5,W1,0.80,49.7,43.4,3.4,5.5,11.4,10.1,0.0,0.0,36.5,30.8,-3.2,-1.9,4.9,4.3,41.4,33.6,
1617velv-vanod2,965,The League of Incompetent Gentlemen,5,6,170,125,5,SC,0.60,53.0,47.7,51.1,45.1,36.2,30.1,0.0,0.0,17.8,16.6,-1.7,-0.7,0.7,1.7,1.3,0.9,
1617velv-vanod2,10414,Centreville Robotics 2,6,6,158,90,5,,0.60,24.8,28.2,33.8,29.6,7.5,7.4,0.0,0.0,18.7,18.4,0.4,0.2,-1.9,2.1,-7.1,-3.5,
1617velv-vanod2,6700,X BOTS,7,6,146,95,5,F1,0.60,32.5,30.9,48.8,40.4,21.7,18.2,0.0,0.0,18.9,17.3,-2.6,-1.6,-5.5,-3.2,-10.8,-6.4,
1617velv-vanod2,1885,ILITE Robotics,8,6,111,240,5,S1,0.60,47.3,44.0,19.9,19.1,3.5,3.9,0.0,0.0,16.3,16.4,-2.3,-1.6,29.7,25.2,-2.4,-0.5,
1617velv-vanod2,7039,Lord of the Bricks,9,6,95,125,5,,0.60,38.5,36.3,48.3,41.7,13.3,13.1,0.0,0.0,22.9,21.5,1.1,0.5,1.1,1.1,-10.9,-6.6,
1617velv-vanod2,11112,RoboLords,10,6,91,75,5,S2,0.60,17.7,20.0,16.7,14.9,4.0,4.6,0.0,0.0,-0.2,2.9,0.8,0.4,13.2,12.0,-12.1,-6.9,
1617velv-vanod2,10516,Centreville Robotics 3,11,6,88,125,5,,0.60,35.1,33.4,26.5,24.7,0.0,1.4,0.0,0.0,21.8,19.5,7.2,6.5,6.0,5.9,2.5,2.7,
1617velv-vanod2,5872,MAVERICS,12,6,63,45,5,,0.60,8.6,9.5,0.8,4.1,1.2,1.5,0.0,0.0,5.7,5.6,0.1,0.2,1.7,2.1,6.2,3.2,
1617velv-vanod2,7844,Ratchet Bots,13,4,177,65,5,S2,0.40,9.8,14.6,32.2,27.5,8.4,8.0,0.0,0.0,9.4,11.4,0.4,0.2,-8.4,-5.0,-14.0,-8.0,
1617velv-vanod2,369,OHS 623 FTC Team 2,14,4,115,65,5,F2,0.40,5.7,8.8,15.4,13.7,16.2,13.6,0.0,0.0,3.6,4.0,-2.4,-1.4,-11.7,-7.5,2.0,2.6,
1617velv-vanod2,6029,Robowiz,15,4,108,125,5,W2,0.40,46.0,39.1,43.5,34.9,1.2,1.4,0.0,0.0,13.3,11.9,16.9,14.2,14.6,11.6,-12.1,-7.4,
1617velv-vanod2,194,ILITE Robotics,16,4,107,65,5,,0.40,19.3,18.8,13.2,13.9,-4.0,-1.1,0.0,0.0,19.5,17.2,1.4,0.9,2.3,1.8,3.8,3.1,
1617velv-vanod2,354,ILITE Robotics,17,4,103,85,5,,0.40,18.3,17.5,-6.8,-1.8,3.9,3.7,0.0,0.0,3.2,4.1,-1.5,-0.7,12.7,10.3,12.3,8.9,
1617velv-vanod2,6408,Falcons Robotics,18,4,101,55,5,,0.40,7.3,10.3,-6.4,-0.7,-4.2,-1.0,0.0,0.0,2.0,3.4,0.4,0.3,9.0,7.4,4.7,3.5,
1617velv-vanod2,9845,Minions Robotics Agency (MRA) - The RoboMinions,19,4,55,145,5,,0.40,9.6,13.3,-3.7,-1.4,10.3,9.4,0.0,0.0,-7.3,-3.4,5.5,4.6,1.1,2.7,12.1,11.9,
1617velv-vanod2,8702,Grey Jedi,20,4,38,70,5,S1,0.40,-0.8,5.2,10.4,11.9,7.0,6.4,0.0,0.0,8.8,9.3,-5.1,-3.2,-11.6,-7.3,0.4,0.5,
1617velv-vanod2,10377,FCHS FTC#2,21,2,125,45,5,,0.20,-3.8,3.1,-49.5,-35.7,-2.1,0.4,0.0,0.0,-10.8,-5.4,8.8,7.5,0.3,0.5,45.4,38.2,
1617velv-vanod2,10422,baseMentality,22,2,102,60,5,,0.20,5.3,7.9,-0.7,1.1,4.3,5.5,0.0,0.0,-4.7,-1.9,0.7,0.2,5.1,3.9,1.0,2.8,
1617velv-vanod2,7955,Archetype,23,2,96,50,5,,0.20,1.8,6.0,-4.7,1.5,-1.4,0.9,0.0,0.0,0.4,2.1,1.2,1.7,1.6,1.2,4.9,3.1,
1617velv-vanod2,9825,Electrobotz,24,2,91,72,5,,0.20,5.5,9.4,-2.3,1.1,5.5,4.8,0.0,0.0,6.2,6.8,3.3,3.3,-9.4,-5.6,17.2,13.9,
1617velv-vash,5086,Tutu Turtles,1,10,225,110,5,WC,1.00,45.7,43.2,30.6,31.5,11.7,12.9,0.0,0.0,13.3,14.4,4.0,3.1,16.7,12.7,-1.6,-1.2,
1617velv-vash,8390,Nerd Herd,2,8,180,155,5,W1,0.80,91.5,77.8,98.0,80.6,57.5,47.7,0.0,0.0,34.3,27.9,3.9,4.1,-4.2,-2.0,-2.3,-0.9,
1617velv-vash,7080,BACON,3,8,160,90,5,SC,0.80,45.6,40.9,31.2,28.2,18.3,16.2,0.0,0.0,24.0,20.9,-3.8,-2.4,7.2,6.1,7.2,6.4,
1617velv-vash,9901,Techie Titans,4,6,175,140,5,S1,0.60,46.8,47.6,33.0,36.6,25.6,25.3,0.0,0.0,1.3,5.9,19.8,16.1,0.2,0.1,13.6,10.7,
1617velv-vash,7171,Shockwave,5,6,135,135,5,FC,0.60,57.4,50.3,56.2,48.1,20.2,18.4,0.0,0.0,28.0,24.1,5.9,5.1,3.3,2.6,-2.2,-0.6,
1617velv-vash,8630,Sparky Jr.,6,6,110,80,5,SC,0.60,24.2,24.5,22.3,21.3,10.9,10.4,0.0,0.0,13.9,13.5,2.6,2.1,-3.2,-1.6,5.0,4.7,
1617velv-vash,11422,Tunstall Titans,7,6,75,65,5,F1,0.60,16.0,16.8,14.5,14.0,1.3,1.2,0.0,0.0,19.5,17.7,0.3,0.7,-5.1,-2.9,6.6,5.6,
1617velv-vash,7292,TechnoHawks,8,6,65,155,5,,0.60,18.0,22.4,19.9,23.7,3.8,7.2,0.0,0.0,13.0,14.8,-0.2,-0.4,1.5,0.6,-3.3,-2.0,
1617velv-vash,4970,Loose Screws,9,6,60,95,5,,0.60,12.9,17.6,20.0,21.3,7.7,8.5,0.0,0.0,14.1,13.9,-5.7,-3.7,-3.2,-1.2,-3.9,-2.7,
1617velv-vash,8275,Tech Busters,10,5,85,60,5,S1,0.50,20.0,19.3,8.7,8.8,0.7,1.6,0.0,0.0,8.0,8.6,2.5,1.5,8.7,7.4,2.5,3.0,
1617velv-vash,11218,Plaid Peacocks,11,4,130,85,5,,0.40,22.6,22.4,14.6,14.9,12.9,11.2,0.0,0.0,13.6,13.1,-1.9,-1.1,-1.9,-1.0,10.0,8.4,
1617velv-vash,4323,iCATZ,12,3,105,85,5,,0.30,28.5,24.6,29.5,23.3,3.2,2.8,0.0,0.0,18.4,14.7,0.9,1.3,5.9,5.6,-7.0,-4.4,
1617velv-vash,5401,Washable Warriors,13,3,65,120,5,,0.30,9.8,15.7,-8.3,0.8,6.4,8.6,0.0,0.0,-8.3,-3.0,-1.9,-1.5,13.5,11.3,4.5,3.4,
1617velv-vash,8037,TechnoHawks,14,2,110,85,5,,0.20,2.0,5.8,-3.0,0.0,-1.0,0.2,0.0,0.0,1.7,2.9,-1.1,-0.7,2.4,3.2,2.6,2.4,
1617velv-vash,4419,Pokebots,15,1,100,60,5,,0.10,-7.7,1.0,-15.1,-5.1,-10.1,-4.9,0.0,0.0,4.3,7.5,-1.2,-0.9,-0.7,-0.8,8.0,6.7,
1617velv-vash,8537,MONRObots,16,0,60,40,5,,0.00,6.8,9.1,-4.3,-1.0,-2.1,-0.7,0.0,0.0,4.1,5.2,-0.2,-0.1,4.9,4.6,6.2,5.4,
