TournamentCode,Num,Name,R,QP,RP,High,MP,Elim,WP,OPR,OPRm, 
1617velv-akea,3208,Rocket 4.0,1,10,126,115,5,,1.00,58.7,51.6,
1617velv-akea,8539,Bazinga Bots,2,6,96,70,5,,0.60,21.4,21.2,
1617velv-akea,7388,StarBots,3,6,87,61,5,,0.60,5.2,8.6,
1617velv-akea,6695,FrostTech,4,6,60,65,5,,0.60,5.3,8.0,
1617velv-akea,4954,SPECTRE,5,4,133,40,5,,0.40,19.9,18.4,
1617velv-akea,3492,Team Zip Ties,6,4,82,115,5,,0.40,27.8,27.1,
1617velv-akea,9019,Nuclear Wolves,7,4,64,26,5,,0.40,8.4,8.8,
1617velv-akea,10998,MechaLynx,8,4,59,55,5,,0.40,0.6,3.9,
1617velv-akea,9781,Gravity Check,9,0,74,36,5,,0.00,3.7,5.1,
1617velv-akdi,10998,MechaLynx,1,8,70,60,5,,0.80,27.6,25.0,
1617velv-akdi,8539,Bazinga Bots,2,8,65,60,5,,0.80,29.4,26.6,
1617velv-akdi,5530,I 8 Sum Pi,3,8,65,52,5,,0.80,16.6,16.1,
1617velv-akdi,5394,TacoS,4,8,60,50,5,,0.80,15.8,15.4,
1617velv-akdi,5532,Techno Wolves,5,6,86,50,5,,0.60,19.0,17.1,
1617velv-akdi,9180,Phantom Wolves,6,6,85,36,5,,0.60,7.5,9.4,
1617velv-akdi,4539,3 G's and Aden,7,6,71,26,5,,0.60,8.4,8.3,
1617velv-akdi,5664,Cyber Wolves,8,6,55,30,5,,0.60,8.5,9.9,
1617velv-akdi,5247,Rock Paper Scissors,9,4,50,40,5,,0.40,14.8,14.5,
1617velv-akdi,10513,Smart Metal,10,4,46,25,5,,0.40,1.7,3.4,
1617velv-akdi,11168,The Quantum Mechanics,11,2,55,55,5,,0.20,9.1,9.3,
1617velv-akdi,4955,Dimond Engineering Per 4,12,2,36,40,5,,0.20,3.6,5.0,
1617velv-akdi,6112,Silver Wolves,13,2,15,30,5,,0.20,1.4,2.5,
1617velv-akdi,4951,Dimondz Nutz and Boltz,14,0,65,20,5,,0.00,1.0,2.9,
1617velv-akea2,3492,Team Zip Ties,1,9,162,98,5,,0.90,60.0,50.8,
1617velv-akea2,3208,Rocket 4.0,2,8,132,85,5,,0.80,39.1,35.0,
1617velv-akea2,4955,Dimond Engineering Per 4,3,6,92,92,5,,0.60,22.0,22.0,
1617velv-akea2,5247,Rock Paper Scissors,4,6,92,80,5,,0.60,24.6,22.9,
1617velv-akea2,5215,MethodHeads,5,5,167,98,5,,0.50,24.7,26.2,
1617velv-akea2,10610,Mears Gears,6,5,116,55,5,,0.50,16.5,14.8,
1617velv-akea2,10513,Smart Metal,7,4,96,50,5,,0.40,0.2,5.2,
1617velv-akea2,4539,3 G's and Aden,8,4,93,35,5,,0.40,11.1,10.2,
1617velv-akea2,9781,Gravity Check,9,3,85,30,5,,0.30,-2.8,1.6,
1617velv-akea2,5530,I 8 Sum Pi,10,3,57,50,5,,0.30,7.0,8.1,
1617velv-akea2,10991,Eagles,11,1,98,60,5,,0.10,-3.7,1.7,
1617velv-aker,11168,The Quantum Mechanics,1,10,209,100,5,,1.00,53.7,46.7,
1617velv-aker,9180,Phantom Wolves,2,8,118,52,5,,0.80,37.7,33.6,
1617velv-aker,10991,Eagles,3,6,161,100,5,,0.60,26.1,26.4,
1617velv-aker,9781,Gravity Check,4,6,131,85,5,,0.60,25.8,24.1,
1617velv-aker,6695,FrostTech,5,6,131,60,5,,0.60,9.9,13.2,
1617velv-aker,5532,Techno Wolves,6,4,131,57,5,,0.40,22.0,20.7,
1617velv-aker,4954,SPECTRE,7,4,80,52,5,,0.40,8.4,10.1,
1617velv-aker,9019,Nuclear Wolves,8,2,127,50,5,,0.20,6.4,8.6,
1617velv-aker,6112,Silver Wolves,9,2,113,50,5,,0.20,3.4,6.6,
1617velv-aker,7388,StarBots,10,2,63,52,5,,0.20,2.7,6.0,
1617velv-aksa,3492,Team Zip Ties,1,8,156,80,5,,0.80,31.8,29.9,
1617velv-aksa,5394,TacoS,2,8,146,95,5,,0.80,41.0,36.4,
1617velv-aksa,10610,Mears Gears,3,7,92,75,5,,0.70,24.7,23.5,
1617velv-aksa,10998,MechaLynx,4,6,164,95,5,,0.60,45.8,40.0,
1617velv-aksa,10513,Smart Metal,5,6,115,51,5,,0.60,27.7,23.5,
1617velv-aksa,5215,MethodHeads,6,6,90,51,5,,0.60,23.0,22.0,
1617velv-aksa,4955,Dimond Engineering Per 4,7,5,113,35,5,,0.50,6.2,9.0,
1617velv-aksa,4951,Dimondz Nutz and Boltz,8,4,118,55,5,,0.40,-4.9,2.0,
1617velv-aksa,4539,3 G's and Aden,9,3,155,50,5,,0.30,6.0,9.9,
1617velv-aksa,4954,SPECTRE,10,3,115,65,5,,0.30,6.2,9.9,
1617velv-aksa,5530,I 8 Sum Pi,11,2,147,75,5,,0.20,30.7,27.3,
1617velv-aksa,5247,Rock Paper Scissors,12,2,93,55,5,,0.20,-1.2,2.8,
1617velv-aker2,3208,Rocket 4.0,1,10,166,95,5,,1.00,49.3,43.4,
1617velv-aker2,9019,Nuclear Wolves,2,8,147,95,5,,0.80,29.8,28.3,
1617velv-aker2,5532,Techno Wolves,3,8,126,75,5,,0.80,23.3,24.1,
1617velv-aker2,11168,The Quantum Mechanics,4,7,183,105,5,,0.70,53.7,46.7,
1617velv-aker2,9180,Phantom Wolves,5,6,142,70,5,,0.60,19.4,20.6,
1617velv-aker2,8539,Bazinga Bots,6,5,162,55,5,,0.50,17.0,17.7,
1617velv-aker2,6695,FrostTech,7,4,144,70,5,,0.40,6.4,10.7,
1617velv-aker2,4951,Dimondz Nutz and Boltz,8,4,143,60,5,,0.40,20.3,19.3,
1617velv-aker2,5664,Cyber Wolves,9,4,131,53,5,,0.40,11.4,13.8,
1617velv-aker2,10991,Eagles,10,3,134,105,5,,0.30,26.9,25.5,
1617velv-aker2,7388,StarBots,11,1,131,55,5,,0.10,0.6,5.1,
1617velv-aker2,6112,Silver Wolves,12,0,103,31,5,,0.00,3.8,5.8,
1617velv-aklcmpsc,11168,The Quantum Mechanics,1,10,249,155,5,WC,1.00,100.2,85.1,
1617velv-aklcmpsc,9180,Phantom Wolves,2,10,164,70,5,SC,1.00,17.0,19.1,
1617velv-aklcmpsc,5394,TacoS,3,10,161,145,5,SC,1.00,30.5,31.5,
1617velv-aklcmpsc,4951,Dimondz Nutz and Boltz,4,8,185,110,5,F2,0.80,45.1,39.9,
1617velv-aklcmpsc,5215,MethodHeads,5,8,172,155,5,S1,0.80,40.4,41.7,
1617velv-aklcmpsc,10998,MechaLynx,6,8,171,135,5,F1,0.80,58.3,51.2,
1617velv-aklcmpsc,3492,Team Zip Ties,7,6,243,90,5,FC,0.60,34.0,32.5,
1617velv-aklcmpsc,9781,Gravity Check,8,6,185,110,5,,0.60,35.2,34.2,
1617velv-aklcmpsc,3208,Rocket 4.0,9,6,176,90,5,W1,0.60,45.4,40.7,
1617velv-aklcmpsc,6695,FrostTech,10,6,156,75,5,,0.60,1.6,8.2,
1617velv-aklcmpsc,10991,Eagles,11,6,141,65,5,,0.60,20.6,22.5,
1617velv-aklcmpsc,6112,Silver Wolves,12,4,216,70,5,,0.40,28.8,30.2,
1617velv-aklcmpsc,5247,Rock Paper Scissors,13,4,201,85,5,,0.40,9.8,15.2,
1617velv-aklcmpsc,10610,Mears Gears,14,4,169,85,5,,0.40,22.3,21.9,
1617velv-aklcmpsc,8539,Bazinga Bots,15,4,168,150,5,W2,0.40,26.6,29.0,
1617velv-aklcmpsc,5530,I 8 Sum Pi,16,4,166,60,5,S2,0.40,18.1,19.1,
1617velv-aklcmpsc,7388,StarBots,17,4,150,85,5,,0.40,10.4,16.2,
1617velv-aklcmpsc,4955,Dimond Engineering Per 4,18,4,150,60,5,S2,0.40,17.0,17.0,
1617velv-aklcmpsc,5664,Cyber Wolves,19,4,148,80,5,,0.40,19.5,19.0,
1617velv-aklcmpsc,4539,3 G's and Aden,20,4,130,65,5,,0.40,15.0,15.4,
1617velv-aklcmpsc,5532,Techno Wolves,21,2,193,56,5,,0.20,21.1,20.6,
1617velv-aklcmpsc,9019,Nuclear Wolves,22,2,150,80,5,S1,0.20,21.9,23.1,
1617velv-aklcmpsc,10513,Smart Metal,23,2,120,60,5,,0.20,13.6,13.7,
1617velv-aklcmpsc,4954,SPECTRE,24,0,155,40,5,,0.00,15.5,14.3,
1617velv-aklcmpsc,10502,Kuskokwim Surf Monsters,25,0,132,45,5,,0.00,-0.5,4.6,
1617velv-akse,3766,Technical Difficulties,1,10,97,90,5,WC,1.00,46.8,40.9,
1617velv-akse,10099,Falcon Flyers,2,8,102,50,5,FC,0.80,14.5,16.0,
1617velv-akse,3081,Trial and Error,3,7,132,60,5,F1,0.70,17.3,17.5,
1617velv-akse,11497,CHS Wolverines FTC,4,6,122,60,5,W1,0.60,19.3,19.0,
1617velv-akse,5389,Wired Wolves,5,5,106,90,5,SC,0.50,21.0,20.3,
1617velv-akse,4358,Error: 404,6,4,112,65,5,S1,0.40,11.6,12.9,
1617velv-akse,6281,Genetic Advantage,7,4,35,60,5,SC,0.40,9.6,11.0,
1617velv-akse,12087,JDHS Robotics,8,3,120,45,5,S1,0.30,21.3,19.2,
1617velv-akse,10915,Alchemy,9,3,77,65,5,,0.30,5.4,8.5,
1617velv-akse,6280,Team Duct Tape,10,2,97,60,5,,0.20,12.1,11.8,
1617velv-akse,12374,IDEA 2,11,2,80,41,5,,0.20,3.2,4.7,
1617velv-casdlj1,10809,Crow Force 5,1,12,161,130,6,,1.00,67.0,59.6,
1617velv-casdlj1,12073,The Trisectors,2,10,205,100,6,,0.83,33.4,33.1,
1617velv-casdlj1,3650,Torrey Techies,3,8,165,130,6,,0.67,35.2,32.8,
1617velv-casdlj1,4216,Rise of Hephaestus,4,8,156,90,6,,0.67,42.6,38.2,
1617velv-casdlj1,8097,Botcats,5,8,151,80,6,,0.67,15.5,16.6,
1617velv-casdlj1,11288,Seminerds,6,8,76,65,6,,0.67,9.1,11.0,
1617velv-casdlj1,11128,Inspiration,7,6,182,60,6,,0.50,36.5,32.1,
1617velv-casdlj1,3513,Domo Arigato,8,6,125,90,6,,0.50,26.6,24.7,
1617velv-casdlj1,4278,De.Evolution,9,6,120,100,6,,0.50,15.1,17.3,
1617velv-casdlj1,3712,Purple F.E.A.R. (Fierce Eagle Advanced Robotics),10,4,140,76,6,,0.33,4.1,6.9,
1617velv-casdlj1,9367,Torrey Techies White,11,4,94,75,6,,0.33,10.8,12.3,
1617velv-casdlj1,8742,RoboTechs,12,4,90,65,6,,0.33,12.2,12.5,
1617velv-casdlj1,11411,Cherry Pi,13,4,71,70,6,,0.33,5.2,7.6,
1617velv-casdlj1,9837,Ravenettes,14,2,130,46,6,,0.17,4.5,7.0,
1617velv-casdlj1,7159,Robo Ravens,15,0,110,45,6,,0.00,-4.0,0.4,
1617velv-casdfp1,5229,Dragons,1,12,79,70,6,,1.00,41.4,36.1,
1617velv-casdfp1,10092,Green.Griffins,2,10,107,50,6,,0.83,30.5,26.4,
1617velv-casdfp1,4262,Ridgebots,3,10,63,40,6,,0.83,10.2,10.6,
1617velv-casdfp1,8039,Return of the Adrenaline Snails,4,8,74,54,6,,0.67,22.4,21.1,
1617velv-casdfp1,5540,Skynet,5,8,70,40,6,,0.67,23.2,21.1,
1617velv-casdfp1,5131,Pointers,6,6,54,40,6,,0.50,5.3,6.1,
1617velv-casdfp1,11278,Virtually Creative,7,6,45,50,6,,0.50,9.4,9.7,
1617velv-casdfp1,5135,Team Uncopyrightable,8,6,38,41,6,,0.50,-2.5,0.6,
1617velv-casdfp1,9261,Level Up,9,4,103,40,6,,0.33,8.5,8.5,
1617velv-casdfp1,11107,Wired Up,10,4,86,45,6,,0.33,4.7,6.5,
1617velv-casdfp1,8000,Team Paradox3,11,4,70,50,6,,0.33,10.9,10.6,
1617velv-casdfp1,8380,UC Robotics,12,4,61,50,6,,0.33,1.3,3.8,
1617velv-casdfp1,11285,PATENT PENDING,13,4,42,70,6,,0.33,8.0,9.3,
1617velv-casdfp1,9266,Pyrobots,14,2,71,40,6,,0.17,6.1,6.2,
1617velv-casdfp1,10564,iMiddle Robotics,15,2,45,50,6,,0.17,1.4,3.0,
1617velv-casdrr1,11212,The Clueless,1,12,120,145,6,,1.00,76.6,67.0,
1617velv-casdrr1,8471,The Ducks,2,10,122,105,6,,0.83,57.4,51.2,
1617velv-casdrr1,3848,Shockwave,3,8,267,120,6,,0.67,42.8,40.4,
1617velv-casdrr1,11328,Foothills Engineers,4,8,112,60,6,,0.67,7.7,11.2,
1617velv-casdrr1,9049,RoboPuffs,5,7,178,145,6,,0.58,20.6,23.9,
1617velv-casdrr1,12406,Hakuna Automata,6,6,108,120,6,,0.50,21.1,22.4,
1617velv-casdrr1,8606,RSF Intergalactic Dragons,7,6,101,80,6,,0.50,21.2,20.2,
1617velv-casdrr1,9164,Zorrobots,8,5,207,85,6,,0.42,30.6,28.1,
1617velv-casdrr1,9022,T-Wrecks,9,5,195,70,6,,0.42,14.0,16.1,
1617velv-casdrr1,7696,RSF Singularity,10,5,173,70,6,,0.42,30.2,25.9,
1617velv-casdrr1,8605,RSF Logitechies,11,5,170,120,6,,0.42,39.7,33.7,
1617velv-casdrr1,12405,Game of Drones,12,4,107,80,6,,0.33,6.7,10.5,
1617velv-casdrr1,10793,Voltrons,13,4,62,100,6,,0.33,-1.4,3.3,
1617velv-casdrr1,5015,Buffalo Wings,14,3,78,43,6,,0.25,-16.1,-7.7,
1617velv-casdrr1,6226,Bambusa,15,2,100,50,6,,0.17,-3.8,-0.1,
1617velv-casdec,9441,Syndicate,1,12,220,150,6,,1.00,82.5,71.7,
1617velv-casdec,11656,Neutron Stars,2,11,120,150,6,,0.92,33.1,32.3,
1617velv-casdec,6016,Ironwolves,3,10,125,80,6,,0.83,-0.7,4.8,
1617velv-casdec,9920,Furious Falcons,4,8,162,85,6,,0.67,44.8,39.1,
1617velv-casdec,6074,RAWALA (Robot Assemblers With A Long Acronym),5,8,150,80,6,,0.67,23.9,22.6,
1617velv-casdec,11350,Sloth Slowbotics,6,8,82,95,6,,0.67,14.1,14.8,
1617velv-casdec,8472,ROBOTATOES,7,6,167,57,6,,0.50,14.8,16.3,
1617velv-casdec,9892,EngiNERDs,8,5,100,85,6,,0.42,14.6,15.2,
1617velv-casdec,6137,RoBowties,9,4,230,80,6,,0.33,32.8,30.2,
1617velv-casdec,2885,Kronos,10,4,170,65,6,,0.33,8.2,10.5,
1617velv-casdec,5828,E.M.P. Chaos,11,4,125,110,6,,0.33,20.0,21.0,
1617velv-casdec,7542,OLP MicroChicks,12,4,117,70,6,,0.33,0.2,5.0,
1617velv-casdec,8906,ROARbots,13,3,182,65,6,,0.25,20.0,18.2,
1617velv-casdec,6003,Techno Eagles,14,2,57,40,6,,0.17,-0.3,1.2,
1617velv-casdec,10221,Robotx,15,1,129,60,6,,0.08,-0.1,3.6,
1617velv-casdlj2,8097,Botcats,1,11,301,135,6,,0.92,81.8,71.7,
1617velv-casdlj2,12406,Hakuna Automata,2,10,116,75,6,,0.83,23.3,24.2,
1617velv-casdlj2,10809,Crow Force 5,3,8,230,120,6,,0.67,65.1,57.9,
1617velv-casdlj2,3650,Torrey Techies,4,8,215,120,6,,0.67,41.1,38.9,
1617velv-casdlj2,5828,E.M.P. Chaos,5,8,192,135,6,,0.67,32.7,31.9,
1617velv-casdlj2,9261,Level Up,6,7,156,100,6,,0.58,33.1,31.2,
1617velv-casdlj2,11107,Wired Up,7,6,117,100,6,,0.50,32.6,29.9,
1617velv-casdlj2,12405,Game of Drones,8,6,106,110,6,,0.50,7.7,11.2,
1617velv-casdlj2,8472,ROBOTATOES,9,6,101,95,6,,0.50,18.6,19.4,
1617velv-casdlj2,7542,OLP MicroChicks,10,5,141,65,6,,0.42,3.9,7.6,
1617velv-casdlj2,5229,Dragons,11,4,225,110,6,,0.33,17.6,19.6,
1617velv-casdlj2,9367,Torrey Techies White,12,4,166,65,6,,0.33,11.8,13.7,
1617velv-casdlj2,6003,Techno Eagles,13,4,149,91,6,,0.33,7.8,11.0,
1617velv-casdlj2,5540,Skynet,14,3,141,65,6,,0.25,3.9,7.2,
1617velv-casdlj2,11328,Foothills Engineers,15,0,160,50,6,,0.00,-1.2,2.0,
1617velv-casdrr2,11278,Virtually Creative,1,10,374,225,6,,0.83,75.4,69.6,
1617velv-casdrr2,8605,RSF Logitechies,2,10,370,155,6,,0.83,80.1,73.6,
1617velv-casdrr2,8742,RoboTechs,3,10,281,130,6,,0.83,38.3,39.2,
1617velv-casdrr2,7696,RSF Singularity,4,8,374,155,6,,0.67,72.4,68.7,
1617velv-casdrr2,8606,RSF Intergalactic Dragons,5,8,345,225,6,,0.67,70.9,66.0,
1617velv-casdrr2,11128,Inspiration,6,8,280,155,6,,0.67,66.9,61.0,
1617velv-casdrr2,9892,EngiNERDs,7,6,257,140,6,,0.50,36.6,36.7,
1617velv-casdrr2,6016,Ironwolves,8,6,225,120,6,,0.50,12.9,16.9,
1617velv-casdrr2,3712,Purple F.E.A.R. (Fierce Eagle Advanced Robotics),9,6,207,120,6,,0.50,25.1,26.0,
1617velv-casdrr2,8380,UC Robotics,10,4,221,135,6,,0.33,9.8,14.2,
1617velv-casdrr2,11764,UC HIGH CENTURIONS,11,4,220,85,6,,0.33,3.7,8.6,
1617velv-casdrr2,9049,RoboPuffs,12,4,218,95,6,,0.33,23.0,25.4,
1617velv-casdrr2,5015,Buffalo Wings,13,4,210,105,6,,0.33,29.0,29.4,
1617velv-casdrr2,10564,iMiddle Robotics,14,4,174,100,6,,0.33,11.7,15.5,
1617velv-casdrr2,8039,Return of the Adrenaline Snails,15,4,155,130,6,,0.33,21.4,21.7,
1617velv-casdrr2,6226,Bambusa,16,0,57,16,6,,0.00,-8.5,-4.4,
1617velv-casdfp2,9441,Syndicate,1,10,416,150,6,,0.83,79.2,72.4,
1617velv-casdfp2,9920,Furious Falcons,2,10,285,150,6,,0.83,67.5,62.7,
1617velv-casdfp2,6137,RoBowties,3,9,395,206,6,,0.75,103.4,92.8,
1617velv-casdfp2,5135,Team Uncopyrightable,4,9,281,206,6,,0.75,47.1,46.9,
1617velv-casdfp2,10793,Voltrons,5,8,325,150,6,,0.67,38.9,40.0,
1617velv-casdfp2,7159,Robo Ravens,6,7,320,115,6,,0.58,25.2,28.9,
1617velv-casdfp2,8471,The Ducks,7,6,465,175,6,,0.50,70.3,65.7,
1617velv-casdfp2,2885,Kronos,8,6,246,115,6,,0.50,26.2,26.8,
1617velv-casdfp2,11285,PATENT PENDING,9,6,220,180,6,,0.50,34.6,36.7,
1617velv-casdfp2,8000,Team Paradox3,10,5,230,120,6,,0.42,9.8,15.1,
1617velv-casdfp2,3513,Domo Arigato,11,4,346,140,6,,0.33,28.8,30.6,
1617velv-casdfp2,10092,Green.Griffins,12,4,330,120,6,,0.33,31.6,31.1,
1617velv-casdfp2,9022,T-Wrecks,13,4,275,85,6,,0.33,27.2,28.9,
1617velv-casdfp2,9837,Ravenettes,14,2,200,80,6,,0.17,7.1,10.1,
1617velv-casdfp2,4278,De.Evolution,15,0,230,70,6,,0.00,-5.5,2.4,
1617velv-casdset,4216,Rise of Hephaestus,1,10,286,130,6,,0.83,60.4,54.7,
1617velv-casdset,11212,The Clueless,2,10,272,125,6,,0.83,63.4,56.4,
1617velv-casdset,3848,Shockwave,3,9,282,90,6,,0.75,43.0,39.3,
1617velv-casdset,11411,Cherry Pi,4,8,146,120,6,,0.67,22.8,24.4,
1617velv-casdset,4262,Ridgebots,5,7,281,80,6,,0.58,31.2,31.0,
1617velv-casdset,9266,Pyrobots,6,7,201,70,6,,0.58,12.9,14.3,
1617velv-casdset,6074,RAWALA (Robot Assemblers With A Long Acronym),7,7,172,60,6,,0.58,0.9,6.7,
1617velv-casdset,12073,The Trisectors,8,6,281,80,6,,0.50,24.1,25.4,
1617velv-casdset,9164,Zorrobots,9,5,320,130,6,,0.42,54.7,50.1,
1617velv-casdset,10221,Robotx,10,4,235,85,6,,0.33,7.5,11.9,
1617velv-casdset,11350,Sloth Slowbotics,11,4,218,90,6,,0.33,18.7,20.5,
1617velv-casdset,11656,Neutron Stars,12,4,201,125,6,,0.33,33.6,31.8,
1617velv-casdset,8906,ROARbots,13,4,197,50,6,,0.33,6.0,9.6,
1617velv-casdset,11288,Seminerds,14,3,218,80,6,,0.25,12.4,13.5,
1617velv-casdset,5131,Pointers,15,2,188,65,6,,0.17,11.2,12.5,
1617velv-inso,8149,Red Alert: Panic in the Build Room,1,10,157,100,5,SC,1.00,56.8,47.7,
1617velv-inso,9766,Tribe Tech Robotics,2,8,181,95,5,WC,0.80,68.8,55.6,
1617velv-inso,11959,Kernel Panic,3,8,175,100,5,SC,0.80,33.4,33.7,
1617velv-inso,535,Tobor,4,8,165,90,5,FC,0.80,35.9,29.3,
1617velv-inso,9789,TOXIC,5,8,155,105,5,W1,0.80,79.9,66.5,
1617velv-inso,10755,The Technomages,6,8,141,90,5,,0.80,19.5,23.3,
1617velv-inso,8793,Greenwood Robotics,7,8,127,95,5,,0.80,16.5,22.5,
1617velv-inso,9790,Vier Left,8,8,71,100,5,S1,0.80,29.9,29.5,
1617velv-inso,6190,Red Alert CyberStorm,9,8,70,80,5,,0.80,18.6,21.1,
1617velv-inso,3537,The MechaHampsters,10,7,190,90,5,S1,0.70,49.4,42.1,
1617velv-inso,6194,Radical Change,11,6,100,115,5,,0.60,35.9,31.3,
1617velv-inso,8791,Green Machine,12,6,55,115,5,S2,0.60,31.9,28.0,
1617velv-inso,11398,Wired Knights,13,6,41,75,5,F1,0.60,2.9,9.3,
1617velv-inso,10950,PHMS - Geared Gals,14,5,80,40,5,,0.50,-5.1,1.5,
1617velv-inso,9864,Shoals Jr/Sr Jugrox,15,4,155,60,5,,0.40,29.8,24.6,
1617velv-inso,8435,KnightBots,16,4,137,105,5,,0.40,8.7,16.6,
1617velv-inso,7234,Cville-ized Botman,17,4,95,85,5,W2,0.40,10.9,13.9,
1617velv-inso,9816,Tigears,18,4,70,80,5,,0.40,6.5,9.0,
1617velv-inso,10126,SFS Stands for Something,19,3,76,80,5,,0.30,14.1,13.4,
1617velv-inso,8971,Diamond Blades,20,2,120,55,5,,0.20,-4.0,3.9,
1617velv-inso,8578,Juden-Ki Robotics,21,2,110,40,5,,0.20,12.9,12.3,
1617velv-inso,7790,Tektonic Ninjas,22,2,105,70,5,,0.20,3.8,8.1,
1617velv-inso,10948,PHMS Engineer Pioneers,23,2,105,60,5,,0.20,12.7,12.7,
1617velv-inso,4217,ROAR (Robots On A Rampage),24,2,100,50,5,S2,0.20,11.5,13.8,
1617velv-inso,11262,Patriot Bot,25,2,91,45,5,,0.20,12.7,13.0,
1617velv-inso,10621,North Robotics,26,2,90,35,5,,0.20,-0.6,3.3,
1617velv-inso,11329,ICE Robotics,27,2,54,50,5,,0.20,7.8,8.4,
1617velv-inso,10133,Machines of Mayhem,28,1,220,90,5,F2,0.10,9.6,14.6,
1617velv-mibr,5618,Control Freaks RED,1,10,229,130,5,WC,1.00,61.4,59.5,
1617velv-mibr,6482,Red Storm Robotics-Red,2,10,138,120,5,FC,1.00,39.5,39.4,
1617velv-mibr,5391,Enigma Puzzlers,3,8,313,130,5,SC,0.80,78.0,68.1,
1617velv-mibr,7837,The Thunder Colts,4,8,275,111,5,SC,0.80,52.9,47.7,
1617velv-mibr,7911,NC GEARS,5,8,177,130,5,F1,0.80,56.7,49.9,
1617velv-mibr,6494,Control Freaks WHITE,6,6,302,120,5,W1,0.60,75.0,63.1,
1617velv-mibr,5385,Enigma Riddlers,7,6,285,125,5,S1,0.60,60.6,52.4,
1617velv-mibr,6043,NC GEARS,8,6,253,101,5,S1,0.60,46.0,43.0,
1617velv-mibr,9499,Destrobots,9,6,239,111,5,,0.60,14.5,21.2,
1617velv-mibr,10024,Twisted Devils Black,10,6,194,105,5,,0.60,18.5,25.3,
1617velv-mibr,10104,That OTHER Team,11,6,189,85,5,S2,0.60,15.2,18.9,
1617velv-mibr,11217,Plainwell Stem Academy,12,6,186,101,5,F2,0.60,41.9,37.2,
1617velv-mibr,11153,The Lightning Colts,13,6,109,105,5,,0.60,8.2,16.9,
1617velv-mibr,9087,Twisted Devils Green,14,6,75,65,5,S2,0.60,25.6,22.8,
1617velv-mibr,5960,Iron Dams,15,4,163,83,5,,0.40,16.1,16.8,
1617velv-mibr,11940,Reed City Middle School,16,4,155,111,5,,0.40,26.1,26.8,
1617velv-mibr,11266,Black River,17,4,153,66,5,,0.40,21.8,22.2,
1617velv-mibr,10031,Red Storm Robotics-Blue,18,4,102,130,5,W2,0.40,19.3,19.9,
1617velv-mibr,11616,Wire-Catz,19,2,179,83,5,,0.20,35.2,28.3,
1617velv-mibr,9133,Robo Dawgs,20,2,154,105,5,,0.20,4.0,12.4,
1617velv-mibr,10319,Shawmut Hills,21,2,105,50,5,,0.20,-13.2,-3.8,
1617velv-mibr,5292,Red Storm Robotics-White,22,0,224,76,5,,0.00,5.3,11.7,
1617velv-mibr,7238,Blue and White Lightning Strikes,23,0,136,47,5,,0.00,14.8,13.6,
1617velv-mibr,9476,Advanced Skilltronics,24,0,133,50,5,,0.00,-5.4,2.9,
1617velv-mica,7902,Da Cows,1,10,140,135,5,WC,1.00,75.0,67.7,
1617velv-mica,5289,Martians,2,10,90,116,5,W1,1.00,65.8,57.4,
1617velv-mica,10176,Robotex,3,10,85,135,5,SC,1.00,49.0,43.9,
1617velv-mica,5237,Loose Screws,4,8,153,90,5,S1,0.80,45.1,40.7,
1617velv-mica,7901,Bulldozers,5,8,123,116,5,FC,0.80,19.2,22.8,
1617velv-mica,11932,Tech Dogs,6,8,71,60,5,SC,0.80,24.2,21.9,
1617velv-mica,7255,STEAM Stingers,7,7,78,85,5,S1,0.70,13.6,15.4,
1617velv-mica,8579,Classical Engineers,8,7,73,70,5,S2,0.70,6.4,11.0,
1617velv-mica,7048,Purple Protons,9,6,185,95,5,F1,0.60,47.9,41.1,
1617velv-mica,8511,Gryphon Bots,10,6,108,135,5,,0.60,35.1,34.4,
1617velv-mica,10035,Robo Rangers,11,6,95,75,5,,0.60,12.0,14.5,
1617velv-mica,8753,The Eagles,12,6,60,70,5,S2,0.60,21.5,20.3,
1617velv-mica,9895,Robohills,13,6,41,90,5,,0.60,16.7,18.3,
1617velv-mica,7049,Omega Warriors,14,6,28,102,5,W2,0.60,22.8,22.7,
1617velv-mica,10611,MooTech,15,5,110,44,5,,0.50,19.6,17.4,
1617velv-mica,8492,Titanium Trojans,16,5,103,102,5,,0.50,39.4,35.2,
1617velv-mica,10262,Pioneer Pandas,17,4,162,85,5,,0.40,43.9,38.4,
1617velv-mica,7043,Golden Gears,18,4,148,100,5,,0.40,29.4,27.4,
1617velv-mica,10620,Pioneer Circuit Breakers,19,4,135,55,5,,0.40,6.6,12.2,
1617velv-mica,12085,ROMS Robotics 1,20,4,129,105,5,,0.40,13.6,13.7,
1617velv-mica,10477,Rapid Robots,21,4,125,90,5,,0.40,28.4,26.1,
1617velv-mica,11679,Titanium Trojans Too,22,4,122,55,5,,0.40,10.3,13.4,
1617velv-mica,7313,Eagle Robotics,23,4,121,76,5,,0.40,7.0,12.1,
1617velv-mica,11668,To Bee Determined,24,4,96,90,5,,0.40,17.5,18.2,
1617velv-mica,11759,ATA Inventors IV,25,4,93,62,5,,0.40,3.5,7.7,
1617velv-mica,9841,Liberty Lions,26,4,82,65,5,,0.40,2.9,7.3,
1617velv-mica,7325,Screaming Eagles,27,4,80,115,5,,0.40,14.3,16.5,
1617velv-mica,11769,Pioneer Robotics 3,28,4,37,90,5,,0.40,21.0,19.7,
1617velv-mica,7693,TECHNADOS,29,2,196,70,5,F2,0.20,39.0,33.3,
1617velv-mica,8603,The Fighting Gnomes,30,2,90,55,5,,0.20,8.2,10.9,
1617velv-mica,12111,ROMS Robotics 2,31,2,63,30,5,,0.20,-0.3,2.6,
1617velv-mica,11933,Lock Jaw,32,2,38,40,5,,0.20,0.2,3.9,
1617velv-mica,9842,Fighting Lions,33,0,155,70,5,,0.00,12.4,13.9,
1617velv-mica,10425,A Flock of Nerds,34,0,65,50,5,,0.00,-14.0,-6.6,
1617velv-migl,11691,Scripps Dragons,1,10,330,110,5,WC,1.00,64.0,58.3,
1617velv-migl,6294,Bionic Bots,2,10,200,135,5,FC,1.00,42.5,39.8,
1617velv-migl,10309,TechnoHuskies,3,10,186,115,5,SC,1.00,55.8,51.1,
1617velv-migl,8533,CSPA Miners,4,8,311,125,5,SC,0.80,64.3,55.9,
1617velv-migl,5957,Sonic Eagles,5,8,254,135,5,F1,0.80,69.9,64.1,
1617velv-migl,10653,SASA DRAGATRONS,6,8,178,120,5,S2,0.80,37.5,38.3,
1617velv-migl,11933,Lock Jaw,7,8,112,63,5,,0.80,12.5,16.9,
1617velv-migl,10484,Cyber Knights,8,8,103,80,5,,0.80,14.4,16.9,
1617velv-migl,10180,Stein,9,8,75,130,5,,0.80,41.9,38.5,
1617velv-migl,9931,Maelstrom,10,6,264,100,5,F2,0.60,42.9,40.3,
1617velv-migl,8593,No Limits,11,6,262,125,5,S1,0.60,38.2,38.8,
1617velv-migl,5290,Steel Eagles,12,6,222,115,5,W1,0.60,50.5,46.3,
1617velv-migl,8240,RoboHawks,13,6,163,55,5,,0.60,16.6,17.8,
1617velv-migl,10779,Short Circuit Spartans,14,6,123,80,5,,0.60,23.8,23.4,
1617velv-migl,8239,Vicious Vassar Vulcans,15,6,123,72,5,,0.60,19.6,21.7,
1617velv-migl,10601,Calvary Baptist Academy,16,6,102,80,5,,0.60,25.7,25.0,
1617velv-migl,8369,Tigers Robotics,17,4,198,95,5,S2,0.40,40.9,35.8,
1617velv-migl,11767,Meridian Jr. Mustangs,18,4,198,70,5,,0.40,12.0,16.0,
1617velv-migl,11244,Fierce Avengers,19,4,177,119,5,,0.40,42.9,38.1,
1617velv-migl,10202,Reese Rockets Middle School Robotics,20,4,170,100,5,,0.40,20.9,21.2,
1617velv-migl,10297,to be determined,21,4,142,41,5,,0.40,-3.6,3.6,
1617velv-migl,12184,RoboCreek,22,4,130,50,5,,0.40,13.8,13.7,
1617velv-migl,10805,MicroCreek,23,4,121,92,5,,0.40,18.2,18.9,
1617velv-migl,11932,Tech Dogs,24,4,103,119,5,,0.40,25.0,25.2,
1617velv-migl,10757,Bluewaves,25,4,51,75,5,,0.40,13.7,13.6,
1617velv-migl,9020,iCreek,26,4,23,90,5,,0.40,11.8,13.7,
1617velv-migl,9720,Whittemore-Prescott Jr. Robocards,27,2,210,80,5,,0.20,26.9,25.9,
1617velv-migl,5386,Fabricators,28,2,184,60,5,,0.20,24.7,23.8,
1617velv-migl,10844,Wildbots,29,2,175,95,5,,0.20,15.6,17.0,
1617velv-migl,10699,Purple Robotics Dragons,30,2,153,106,5,,0.20,11.2,13.4,
1617velv-migl,10438,Ein,31,2,117,47,5,,0.20,9.3,12.8,
1617velv-migl,6134,Black Frogs,32,2,106,45,5,W2,0.20,10.9,12.0,
1617velv-migl,10615,Jefferson CyDogs,33,2,68,43,5,S1,0.20,1.0,3.9,
1617velv-migl,10698,WMS Warriors,34,0,80,30,5,,0.00,-3.4,1.7,
1617velv-migl,10713,White Pine RoboHawks,35,0,75,45,5,,0.00,-5.7,-0.2,
1617velv-mipe,9221,Nerd Herd,1,10,176,120,5,WC,1.00,53.5,47.7,
1617velv-mipe,8487,Robo Toasters Orange,2,8,205,90,5,SC,0.80,57.3,48.6,
1617velv-mipe,11708,Calumet Cyborgs,3,8,180,80,5,FC,0.80,22.8,23.5,
1617velv-mipe,10040,Robotic Narwhals,4,8,150,115,5,SC,0.80,33.8,31.7,
1617velv-mipe,10474,Artificial Intellegence,5,8,131,115,5,F1,0.80,47.9,42.8,
1617velv-mipe,7837,The Thunder Colts,6,8,115,120,5,W1,0.80,50.2,44.8,
1617velv-mipe,8621,G3: Geeks Gears & Gadgets Blue,7,8,96,85,5,S1,0.80,6.2,11.0,
1617velv-mipe,11276,Dream Machine,8,8,70,72,5,S1,0.80,11.0,15.5,
1617velv-mipe,11717,Baker Bobcats,9,6,140,90,5,,0.60,38.8,34.9,
1617velv-mipe,10108,N.I.T.,10,6,136,75,5,,0.60,25.0,25.6,
1617velv-mipe,11885,The Robotic Lakers,11,6,101,60,5,S2,0.60,6.1,9.9,
1617velv-mipe,11735,Robo Toasters Blue,12,4,155,85,5,W2,0.40,27.9,27.6,
1617velv-mipe,10062,Robogators,13,4,150,90,5,F2,0.40,24.2,23.5,
1617velv-mipe,12255,Rudyard Steampunks,14,4,102,60,5,S2,0.40,16.6,16.2,
1617velv-mipe,10124,Trial and Error,15,4,55,50,5,,0.40,-4.4,1.9,
1617velv-mipe,10041,Blackrock Bots,16,2,180,80,5,,0.20,22.5,21.1,
1617velv-mipe,5954,Lightning Boltz,17,2,165,100,5,,0.20,17.5,19.2,
1617velv-mipe,5976,Brandon Tech,18,2,150,90,5,,0.20,4.7,10.9,
1617velv-mipe,11861,The Yooper Troopers,19,2,81,30,5,,0.20,-1.1,3.0,
1617velv-mipe,12075,Menominee Jr High,20,2,60,46,5,,0.20,10.3,8.9,
1617velv-mipe,10723,SnowBots,21,0,150,35,5,,0.00,25.9,23.4,
1617velv-mipe,5411,G3 Geeks Gears and Gadgets Green,22,0,100,35,5,,0.00,2.9,6.3,
1617velv-miff,6155,MegaBots,1,10,175,106,5,SC,1.00,78.3,66.5,
1617velv-miff,10477,Rapid Robots,2,10,170,105,5,FC,1.00,81.6,68.6,
1617velv-miff,10474,Artificial Intellegence,3,8,145,90,5,SC,0.80,33.6,32.4,
1617velv-miff,9908,The Killer Coders,4,8,140,145,5,WC,0.80,74.9,61.7,
1617velv-miff,11870,West Bloomfield Veagle Vortex,5,8,130,75,5,F1,0.80,40.7,35.7,
1617velv-miff,11668,To Bee Determined,6,8,87,75,5,F2,0.80,31.1,26.7,
1617velv-miff,7255,STEAM Stingers,7,8,65,65,5,,0.80,17.2,18.9,
1617velv-miff,10108,N.I.T.,8,6,165,105,5,S1,0.60,9.0,13.1,
1617velv-miff,6225,Synergy,9,6,132,40,5,S2,0.60,20.1,18.4,
1617velv-miff,11679,Titanium Trojans Too,10,6,122,90,5,,0.60,18.5,18.9,
1617velv-miff,8487,Robo Toasters Orange,11,6,100,145,5,S1,0.60,21.0,25.8,
1617velv-miff,8377,Munger Mechanical Lions,12,6,95,94,5,,0.60,10.1,12.7,
1617velv-miff,11432,SAY Play Warriors 1,13,6,87,51,5,,0.60,25.9,21.5,
1617velv-miff,11305,Vallibots,14,6,76,75,5,,0.60,17.6,20.0,
1617velv-miff,10812,STEM-Bots,15,6,52,83,5,,0.60,11.1,14.0,
1617velv-miff,11176,Panthers,16,5,204,80,5,,0.50,21.1,22.6,
1617velv-miff,6294,Bionic Bots,17,5,190,60,5,S2,0.50,29.5,26.8,
1617velv-miff,11254,Robo Rhinos,18,5,180,65,5,,0.50,28.0,25.4,
1617velv-miff,11735,Robo Toasters Blue,19,5,176,80,5,W1,0.50,42.8,36.9,
1617velv-miff,11438,SAY Play Warriors 2,20,5,139,50,5,,0.50,9.1,12.0,
1617velv-miff,11749,Imagination Patriots,21,5,138,55,5,,0.50,11.4,14.3,
1617velv-miff,11276,Dream Machine,22,4,123,31,5,,0.40,11.5,13.2,
1617velv-miff,8753,The Eagles,23,4,117,40,5,,0.40,11.3,12.9,
1617velv-miff,11013,AHCS Cougars,24,4,74,95,5,,0.40,6.2,9.2,
1617velv-miff,8492,Titanium Trojans,25,3,140,80,5,W2,0.30,4.8,10.8,
1617velv-miff,10280,TechnoLions,26,3,127,70,5,,0.30,4.3,10.2,
1617velv-miff,11632,Dunkin' DoBots,27,3,105,95,5,,0.30,2.1,7.1,
1617velv-miff,11726,Hack 29th St.,28,3,99,40,5,,0.30,11.0,11.1,
1617velv-miff,9028,A.D.E.P.T.,29,3,95,106,5,,0.30,6.6,10.9,
1617velv-miff,8603,The Fighting Gnomes,30,2,120,30,5,,0.20,15.8,14.5,
1617velv-miff,11340,Indigo League,31,2,85,35,5,,0.20,-5.7,1.5,
1617velv-miff,8376,Team TACO,32,1,140,60,5,,0.10,10.3,11.9,
1617velv-miff,9933,GBEMS - Blazin' Turtle,33,0,100,40,5,,0.00,8.4,8.8,
1617velv-miff,10210,Aztechs,34,0,71,31,5,,0.00,5.5,6.5,
1617velv-mimary,10016,Clarkston Robowolves,1,10,210,90,5,WC,1.00,49.8,46.6,
1617velv-mimary,9819,RoboRats,2,10,191,130,5,SC,1.00,56.1,52.4,
1617velv-mimary,10614,Marysville Jr-ViBots,3,10,172,155,5,S1,1.00,58.1,57.6,
1617velv-mimary,8580,Oakview CyberDragons,4,8,255,145,5,FC,0.80,46.1,44.4,
1617velv-mimary,5291,TOWR The Oxford Wildcats Robotics,5,8,252,155,5,SC,0.80,73.4,64.3,
1617velv-mimary,7253,Raging Robots,6,8,222,165,5,F2,0.80,59.9,55.6,
1617velv-mimary,7043,Golden Gears,7,8,211,130,5,S2,0.80,48.3,47.9,
1617velv-mimary,7065,Molten Metal,8,8,205,125,5,,0.80,37.8,37.9,
1617velv-mimary,11717,Baker Bobcats,9,8,190,110,5,,0.80,36.8,37.0,
1617velv-mimary,11230,OMS ElektraKatz,10,8,158,130,5,S1,0.80,34.5,35.6,
1617velv-mimary,8845,the wild bees,11,6,290,125,5,W1,0.60,57.5,52.1,
1617velv-mimary,8688,Marysville Jr Vi-Bots,12,6,250,145,5,F1,0.60,51.0,48.1,
1617velv-mimary,11394,PixelBotics,13,6,245,110,5,,0.60,42.2,38.6,
1617velv-mimary,7049,Omega Warriors,14,6,230,95,5,W2,0.60,39.0,37.2,
1617velv-mimary,7048,Purple Protons,15,6,225,125,5,S2,0.60,42.4,41.8,
1617velv-mimary,8935,Twisted Metal,16,6,180,165,5,,0.60,62.6,56.3,
1617velv-mimary,7045,BLOWNFUSES,17,6,180,125,5,,0.60,36.8,37.2,
1617velv-mimary,8787,Pirates,18,6,125,100,5,,0.60,20.0,22.4,
1617velv-mimary,11520,Omegabots,19,6,115,81,5,,0.60,8.1,14.2,
1617velv-mimary,7138,Mechanical Mayhem,20,4,260,125,5,,0.40,46.3,41.1,
1617velv-mimary,11196,madgamerz,21,4,245,75,5,,0.40,21.3,24.0,
1617velv-mimary,7067,Junkyard Bots,22,4,240,75,5,,0.40,9.9,17.1,
1617velv-mimary,8615,iSpartans,23,4,220,120,5,,0.40,24.3,25.0,
1617velv-mimary,11231,Cyborg Cats,24,4,181,145,5,,0.40,46.7,39.7,
1617velv-mimary,11360,Space Unicorns,25,4,145,80,5,,0.40,12.3,15.1,
1617velv-mimary,7254,N.E.R.D.S. (Nerdy Engineering Robotic Design Students,26,2,295,125,5,,0.20,59.4,51.5,
1617velv-mimary,7066,The Juggernauts,27,2,197,80,5,,0.20,-5.3,4.8,
1617velv-mimary,9572,ChatterBolts,28,2,188,66,5,,0.20,9.7,14.1,
1617velv-mimary,10019,Eppler Robo-TICS,29,2,186,55,5,,0.20,-0.3,7.4,
1617velv-mimary,9496,ChatterBots,30,2,185,70,5,,0.20,6.8,11.6,
1617velv-mimary,10611,MooTech,31,2,180,80,5,,0.20,28.8,26.5,
1617velv-mimary,10425,A Flock of Nerds,32,2,163,57,5,,0.20,13.6,15.7,
1617velv-mimary,12072,BWV Jr. Robosapiens,33,2,136,100,5,,0.20,8.1,11.6,
1617velv-mimary,8133,Bionic Sailors,34,0,235,65,5,,0.00,26.6,25.7,
1617velv-mimary,9861,Cavalier Cougars,35,0,196,85,5,,0.00,14.6,17.2,
1617velv-mimary,11489,Tsunami Samurai,36,0,130,65,5,,0.00,1.6,6.7,
1617velv-mimas,10255,RoboDux,1,10,220,115,5,WC,1.00,66.6,59.4,
1617velv-mimas,6079,Bionic Broncos,2,10,140,115,5,FC,1.00,49.2,44.5,
1617velv-mimas,8646,Team KAOS,3,10,110,80,5,W1,1.00,57.4,48.1,
1617velv-mimas,7085,F.L.A.G. Fight Like a Girl,4,8,167,80,5,SC,0.80,19.8,21.4,
1617velv-mimas,7047,Mechanical Monkeys,5,8,155,65,5,F1,0.80,40.7,34.9,
1617velv-mimas,11244,Fierce Avengers,6,8,138,110,5,,0.80,32.6,30.9,
1617velv-mimas,10645,Hornet Hackers,7,8,100,65,5,SC,0.80,15.3,17.0,
1617velv-mimas,5663,Twisted Devils Red,8,8,67,35,5,S1,0.80,2.6,5.5,
1617velv-mimas,5980,Titanium Tech Vikes,9,6,190,80,5,S2,0.60,31.1,28.3,
1617velv-mimas,9070,Techno Warriors,10,6,186,75,5,S2,0.60,29.0,26.1,
1617velv-mimas,7360,The Screwdrivers,11,6,140,45,5,,0.60,12.1,14.0,
1617velv-mimas,10538,Team KILT,12,6,135,90,5,W2,0.60,38.9,36.9,
1617velv-mimas,7479,Techno Hawks - Red Team,13,6,112,105,5,,0.60,19.8,21.1,
1617velv-mimas,7792,Nindroids,14,6,110,95,5,,0.60,24.2,23.5,
1617velv-mimas,10552,Concord Bot,15,6,106,50,5,,0.60,11.5,13.7,
1617velv-mimas,11617,Chelsea Glitch,16,6,80,35,5,,0.60,7.5,8.9,
1617velv-mimas,8613,Password,17,6,75,65,5,,0.60,-0.3,6.3,
1617velv-mimas,7688,Clarkston Crew,18,4,135,55,5,,0.40,16.5,16.9,
1617velv-mimas,7445,Techno Hawks - Black Team,19,4,127,71,5,,0.40,23.1,22.1,
1617velv-mimas,10315,Tech Hawks,20,4,117,50,5,,0.40,16.4,15.3,
1617velv-mimas,11637,Grease Wolves,21,4,115,65,5,,0.40,-0.9,6.0,
1617velv-mimas,9297,Droid Technicians (Blue),22,4,107,77,5,,0.40,16.4,18.0,
1617velv-mimas,8734,Actuators,23,4,105,80,5,F2,0.40,14.7,16.8,
1617velv-mimas,6359,Bruin Bots,24,4,100,90,5,,0.40,19.5,19.2,
1617velv-mimas,11729,Chelsea Crash,25,4,92,60,5,,0.40,2.6,6.4,
1617velv-mimas,12362,Droid Technicians (Red),26,4,72,40,5,,0.40,7.3,9.0,
1617velv-mimas,10644,CyBugs,27,2,195,90,5,,0.20,31.7,30.1,
1617velv-mimas,7668,Trojanbots,28,2,155,80,5,,0.20,10.4,13.0,
1617velv-mimas,10297,to be determined,29,2,155,65,5,,0.20,26.2,23.5,
1617velv-mimas,6811,Hardcore Hard Drives,30,2,120,55,5,,0.20,5.0,8.0,
1617velv-mimas,11618,Chelsea Gremlins,31,2,107,55,5,,0.20,7.7,8.9,
1617velv-mimas,8027,Twisted Devils Blue,32,2,99,40,5,,0.20,5.6,7.4,
1617velv-mimas,11129,RoboTitans,33,2,80,60,5,,0.20,11.4,10.8,
1617velv-mimas,6283,Platinum Tech Vikes,34,0,205,75,5,S1,0.00,22.0,21.5,
1617velv-mimas,11713,Southwest Community Campus GR,35,0,120,35,5,,0.00,8.2,9.6,
1617velv-mial,10255,RoboDux,1,10,338,170,5,WC,1.00,99.0,86.8,
1617velv-mial,7253,Raging Robots,2,10,219,145,5,FC,1.00,60.6,52.8,
1617velv-mial,6043,NC GEARS,3,8,293,125,5,W1,0.80,68.8,61.4,
1617velv-mial,10474,Artificial Intellegence,4,8,267,155,5,SC,0.80,54.4,51.5,
1617velv-mial,7911,NC GEARS,5,8,230,170,5,F1,0.80,65.9,60.9,
1617velv-mial,11987,East Grand Rapids Middle School,6,8,161,75,5,SC,0.80,15.5,19.5,
1617velv-mial,5663,Twisted Devils Red,7,8,154,95,5,,0.80,24.5,26.4,
1617velv-mial,7023,HexaSonics,8,6,301,110,5,,0.60,59.7,53.7,
1617velv-mial,10037,M.A.R.S. Mini Rovers,9,6,274,115,5,W2,0.60,65.2,55.7,
1617velv-mial,10818,Bronco Robotics,10,6,242,115,5,,0.60,18.9,24.8,
1617velv-mial,7254,N.E.R.D.S. (Nerdy Engineering Robotic Design Students,11,6,234,95,5,F2,0.60,44.0,40.9,
1617velv-mial,11321,Engineers Delta,12,6,224,105,5,,0.60,34.7,33.2,
1617velv-mial,8529,Team R.O.B.O.T.I.C.S.,13,6,215,80,5,,0.60,42.9,38.5,
1617velv-mial,11317,Engineers,14,6,164,145,5,,0.60,20.0,24.5,
1617velv-mial,9720,Whittemore-Prescott Jr. Robocards,15,6,148,100,5,,0.60,18.9,21.5,
1617velv-mial,11228,Cityside Middle School,16,6,132,85,5,,0.60,28.2,27.9,
1617velv-mial,11266,Black River,17,6,121,87,5,,0.60,27.3,26.3,
1617velv-mial,5384,Emergency Situation Evacuate Now,18,6,120,140,5,S2,0.60,29.3,29.5,
1617velv-mial,6070,WOW - West Ottawa Warriors,19,6,96,60,5,,0.60,19.9,21.3,
1617velv-mial,11728,WOW - West Ottawa Wizards,20,6,95,45,5,,0.60,0.9,5.9,
1617velv-mial,8027,Twisted Devils Blue,21,4,232,125,5,S1,0.40,38.9,35.9,
1617velv-mial,9404,CAF,22,4,202,110,5,,0.40,22.3,25.5,
1617velv-mial,11616,Wire-Catz,23,4,200,87,5,,0.40,20.6,24.0,
1617velv-mial,10024,Twisted Devils Black,24,4,93,56,5,,0.40,13.7,15.5,
1617velv-mial,5383,Neutrinos Breaking the Laws of Physics,25,2,262,85,5,S1,0.20,24.7,25.6,
1617velv-mial,5641,Devil bots red team,26,2,201,105,5,,0.20,9.1,13.7,
1617velv-mial,7772,P.A.N.T.H.E.R.S.,27,2,199,130,5,,0.20,26.9,27.1,
1617velv-mial,8932,Wildcats,28,2,194,80,5,,0.20,11.4,15.4,
1617velv-mial,9087,Twisted Devils Green,29,2,140,90,5,S2,0.20,20.6,21.3,
1617velv-mial,11846,Wayland Wildcat Cat-a-Tech-Nics,30,2,140,55,5,,0.20,2.8,8.3,
1617velv-mial,11851,East Grand Rapids Middle School,31,2,131,78,5,,0.20,5.9,8.4,
1617velv-mial,11318,Engineers Bravo,32,2,109,60,5,,0.20,-3.9,3.3,
1617velv-mial,11531,Techno Trojans,33,2,108,63,5,,0.20,1.5,6.4,
1617velv-mial,8733,RoboVikings,34,2,104,50,5,,0.20,14.5,13.7,
1617velv-mial,10615,Jefferson CyDogs,35,2,98,60,5,,0.20,14.0,14.2,
1617velv-miho,8533,CSPA Miners,1,10,283,240,5,FC,1.00,102.7,90.6,
1617velv-miho,5290,Steel Eagles,2,10,242,135,5,F1,1.00,72.3,64.1,
1617velv-miho,10803,McU-Bots,3,10,180,136,5,SC,1.00,31.2,34.2,
1617velv-miho,8593,No Limits,4,10,167,155,5,WC,1.00,41.4,42.5,
1617velv-miho,10538,Team KILT,5,10,160,180,5,SC,1.00,69.9,67.1,
1617velv-miho,7693,TECHNADOS,6,8,207,175,5,W1,0.80,64.1,57.2,
1617velv-miho,11637,Grease Wolves,7,8,200,120,5,,0.80,36.3,35.8,
1617velv-miho,10016,Clarkston Robowolves,8,8,176,105,5,W2,0.80,31.1,31.4,
1617velv-miho,5957,Sonic Eagles,9,8,175,180,5,S1,0.80,83.5,71.2,
1617velv-miho,10614,Marysville Jr-ViBots,10,6,260,115,5,,0.60,49.2,44.8,
1617velv-miho,10019,Eppler Robo-TICS,11,6,242,240,5,,0.60,44.9,43.4,
1617velv-miho,11691,Scripps Dragons,12,6,222,80,5,F2,0.60,36.1,35.3,
1617velv-miho,11193,Flying DutchBots,13,6,200,100,5,,0.60,52.6,47.5,
1617velv-miho,11739,Cyborg Wolves,14,6,160,165,5,,0.60,33.4,35.8,
1617velv-miho,10546,Knightmares,15,6,141,55,5,,0.60,16.8,18.9,
1617velv-miho,8688,Marysville Jr Vi-Bots,16,4,380,110,5,,0.40,78.3,67.0,
1617velv-miho,7140,2 Liggett 2 Quit,17,4,255,135,5,,0.40,23.2,27.7,
1617velv-miho,8531,GA Bots,18,4,253,115,5,,0.40,12.3,17.3,
1617velv-miho,9020,iCreek,19,4,251,110,5,,0.40,19.4,23.7,
1617velv-miho,11367,Omegabots,20,4,250,85,5,,0.40,29.0,30.9,
1617velv-miho,11360,Space Unicorns,21,4,234,85,5,,0.40,28.3,28.7,
1617velv-miho,7688,Clarkston Crew,22,4,231,90,5,S2,0.40,21.0,23.4,
1617velv-miho,11705,JC Strong Bots,23,4,196,75,5,,0.40,-12.2,1.0,
1617velv-miho,8646,Team KAOS,24,4,190,85,5,S2,0.40,28.8,28.8,
1617velv-miho,6225,Synergy,25,4,175,175,5,,0.40,28.2,28.4,
1617velv-miho,11618,Chelsea Gremlins,26,4,140,105,5,,0.40,14.9,18.2,
1617velv-miho,11729,Chelsea Crash,27,4,108,40,5,,0.40,-11.5,-2.3,
1617velv-miho,11129,RoboTitans,28,2,221,80,5,S1,0.20,28.5,26.7,
1617velv-miho,10812,STEM-Bots,29,2,173,65,5,,0.20,15.5,17.7,
1617velv-miho,11305,Vallibots,30,2,170,72,5,,0.20,24.8,24.3,
1617velv-miho,11617,Chelsea Glitch,31,2,165,95,5,,0.20,16.5,16.1,
1617velv-miho,7643,Tiger Tech,32,2,151,85,5,,0.20,29.1,26.5,
1617velv-miho,10805,MicroCreek,33,2,129,61,5,,0.20,21.2,20.7,
1617velv-miho,11356,Robosonics,34,2,122,50,5,,0.20,9.5,12.1,
1617velv-miho,10545,Atomic Bombs,35,0,160,65,5,,0.00,-2.6,4.9,
1617velv-miho,7031,Battle Blazers,36,0,87,32,5,,0.00,-1.4,3.4,
1617velv-miscs,7228,Stryke Force - Special Air Service,1,10,276,166,5,SC,1.00,51.8,49.1,
1617velv-miscs,8239,Vicious Vassar Vulcans,2,8,214,166,5,FC,0.80,57.1,50.7,
1617velv-miscs,5618,Control Freaks RED,3,8,175,110,5,SC,0.80,25.8,28.0,
1617velv-miscs,9476,Advanced Skilltronics,4,8,150,80,5,WC,0.80,12.8,15.6,
1617velv-miscs,5386,Fabricators,5,6,245,95,5,S1,0.60,58.8,51.5,
1617velv-miscs,11762,Metal Storm,6,6,229,60,5,,0.60,20.2,21.9,
1617velv-miscs,6494,Control Freaks WHITE,7,6,202,110,5,F1,0.60,41.0,39.2,
1617velv-miscs,11254,Robo Rhinos,8,6,198,85,5,W1,0.60,27.1,27.2,
1617velv-miscs,10028,Mech Tribe,9,6,161,120,5,,0.60,25.4,27.1,
1617velv-miscs,11855,JoeBots,10,6,155,110,5,,0.60,17.8,19.6,
1617velv-miscs,10309,TechnoHuskies,11,6,149,120,5,S2,0.60,58.2,51.7,
1617velv-miscs,11870,West Bloomfield Veagle Vortex,12,6,149,100,5,S1,0.60,31.5,31.4,
1617velv-miscs,11217,Plainwell Stem Academy,13,6,136,85,5,F2,0.60,18.6,21.5,
1617velv-miscs,11786,2PawsRoboticsJr,14,6,101,95,5,,0.60,15.4,16.8,
1617velv-miscs,5449,High Voltage,15,6,85,90,5,,0.60,7.3,11.5,
1617velv-miscs,8553,Stryke Force - Screaming Eagles,16,4,174,140,5,W2,0.40,53.9,48.7,
1617velv-miscs,9133,Robo Dawgs,17,4,112,45,5,,0.40,3.3,6.9,
1617velv-miscs,8513,JoeBots,18,2,265,110,5,S2,0.20,47.3,42.8,
1617velv-miscs,12101,Bangor Middle School,19,2,180,70,5,,0.20,14.9,16.3,
1617velv-miscs,9855,Mattawan FTC RoboKats,20,2,163,56,5,,0.20,15.3,16.0,
1617velv-miscs,9376,LMS Lancers,21,2,153,140,5,,0.20,34.1,31.5,
1617velv-miscs,11714,Burr Oak BossCats,22,2,106,110,5,,0.20,12.1,15.4,
1617velv-miscs,9499,Destrobots,23,2,96,65,5,,0.20,9.9,12.1,
1617velv-miscs,9883,Mighty Michigan Mechanics - M3,24,0,118,60,5,,0.00,-7.3,-0.4,
1617velv-migk,7138,Mechanical Mayhem,1,10,245,180,5,WC,1.00,102.5,86.2,
1617velv-migk,8935,Twisted Metal,2,8,290,110,5,W1,0.80,71.5,59.8,
1617velv-migk,8206,Kearsley Clockworks,3,8,236,115,5,FC,0.80,64.6,56.0,
1617velv-migk,5291,TOWR The Oxford Wildcats Robotics,4,8,191,130,5,SC,0.80,70.5,60.3,
1617velv-migk,7065,Molten Metal,5,8,160,90,5,SC,0.80,55.3,47.9,
1617velv-migk,11307,Michigan Marshals,6,8,146,155,5,S2,0.80,43.2,42.3,
1617velv-migk,9514,Davison Middle School,7,8,117,80,5,S1,0.80,32.3,30.7,
1617velv-migk,12068,Team Kraken,8,6,206,155,5,,0.60,27.7,29.5,
1617velv-migk,11230,OMS ElektraKatz,9,6,168,115,5,,0.60,25.0,28.5,
1617velv-migk,8580,Oakview CyberDragons,10,6,145,56,5,,0.60,11.3,14.2,
1617velv-migk,10699,Purple Robotics Dragons,11,6,141,56,5,,0.60,23.2,21.9,
1617velv-migk,10849,WMS Robotics,12,6,131,81,5,,0.60,14.1,18.9,
1617velv-migk,10757,Bluewaves,13,6,112,85,5,,0.60,9.3,15.0,
1617velv-migk,7066,The Juggernauts,14,6,111,130,5,,0.60,27.8,29.5,
1617velv-migk,10250,Falconators,15,6,84,76,5,,0.60,26.6,22.5,
1617velv-migk,10653,SASA DRAGATRONS,16,6,65,76,5,,0.60,-8.9,2.3,
1617velv-migk,11231,Cyborg Cats,17,5,192,80,5,,0.50,23.0,25.3,
1617velv-migk,5976,Brandon Tech,18,4,290,105,5,W2,0.40,24.6,28.6,
1617velv-migk,11860,BHK-CLK robotics,19,4,182,180,5,,0.40,10.4,16.6,
1617velv-migk,5289,Martians,20,4,155,115,5,F2,0.40,35.1,33.1,
1617velv-migk,9500,,21,4,154,65,5,,0.40,18.4,18.9,
1617velv-migk,12021,Atherton Minibots,22,4,145,65,5,,0.40,17.2,15.5,
1617velv-migk,10813,Kearsley Scrap Rats,23,4,110,90,5,F1,0.40,19.3,20.0,
1617velv-migk,10058,Davison II,24,3,196,80,5,,0.30,22.7,23.3,
1617velv-migk,10671,Cyber Phoenix FTC,25,3,185,85,5,,0.30,24.4,23.7,
1617velv-migk,7067,Junkyard Bots,26,3,145,50,5,S2,0.30,20.3,18.8,
1617velv-migk,10372,MacroProcessors,27,2,195,115,5,,0.20,19.9,20.6,
1617velv-migk,8478,E-Bots,28,2,185,110,5,S1,0.20,16.2,19.3,
1617velv-migk,10713,White Pine RoboHawks,29,2,182,90,5,,0.20,17.3,17.7,
1617velv-migk,10911,Cavs,30,2,106,40,5,,0.20,-7.0,-0.1,
1617velv-migk,9933,GBEMS - Blazin' Turtle,31,2,77,75,5,,0.20,5.8,8.8,
1617velv-migk,11181,Robo-Raptors,32,0,105,65,5,,0.00,-4.2,1.4,
1617velv-mibe,10644,CyBugs,1,10,172,105,5,FC,1.00,52.7,49.9,
1617velv-mibe,11394,PixelBotics,2,10,150,125,5,F1,1.00,75.4,68.1,
1617velv-mibe,8845,the wild bees,3,8,251,115,5,SC,0.80,62.2,54.1,
1617velv-mibe,6079,Bionic Broncos,4,8,250,150,5,WC,0.80,77.4,66.9,
1617velv-mibe,5237,Loose Screws,5,8,197,150,5,S1,0.80,41.1,40.3,
1617velv-mibe,11196,madgamerz,6,8,180,85,5,SC,0.80,33.2,31.7,
1617velv-mibe,7902,Da Cows,7,8,163,120,5,W2,0.80,67.8,61.2,
1617velv-mibe,10136,Frost RoboFalcons,8,8,157,170,5,F2,0.80,51.3,49.8,
1617velv-mibe,5559,RoboHawks Green,9,8,120,80,5,,0.80,22.8,23.4,
1617velv-mibe,11520,Omegabots,10,8,111,135,5,,0.80,54.8,50.0,
1617velv-mibe,9819,RoboRats,11,6,243,170,5,S2,0.60,94.6,78.6,
1617velv-mibe,8579,Classical Engineers,12,6,220,135,5,S1,0.60,55.5,49.7,
1617velv-mibe,10137,Emerson RoboEagles,13,6,201,87,5,,0.60,42.7,36.9,
1617velv-mibe,8987,Robobucs,14,6,175,88,5,,0.60,17.2,22.1,
1617velv-mibe,7085,F.L.A.G. Fight Like a Girl,15,6,153,115,5,,0.60,7.5,15.7,
1617velv-mibe,9301,Robobucs,16,6,139,120,5,,0.60,8.3,16.1,
1617velv-mibe,8416,RoboHawks White,17,6,135,125,5,,0.60,40.0,38.6,
1617velv-mibe,12085,ROMS Robotics 1,18,6,75,120,5,,0.60,29.2,28.6,
1617velv-mibe,5954,Lightning Boltz,19,4,292,100,5,W1,0.40,42.1,41.5,
1617velv-mibe,10645,Hornet Hackers,20,4,212,90,5,,0.40,39.9,36.4,
1617velv-mibe,11899,Roboscouts,21,4,175,110,5,,0.40,18.6,22.5,
1617velv-mibe,7857,Team Phoenix,22,4,166,95,5,,0.40,-7.0,2.7,
1617velv-mibe,10636,Inventors,23,4,131,65,5,,0.40,16.0,15.4,
1617velv-mibe,10020,Rebulls,24,4,112,85,5,,0.40,18.9,18.7,
1617velv-mibe,8777,The Goonies,25,4,95,71,5,,0.40,8.4,12.2,
1617velv-mibe,7215,Turning Gears,26,4,95,60,5,,0.40,1.1,6.1,
1617velv-mibe,12111,ROMS Robotics 2,27,4,86,110,5,,0.40,19.6,20.4,
1617velv-mibe,12181,ROMS Robotics 3,28,4,83,66,5,,0.40,9.7,11.4,
1617velv-mibe,7901,Bulldozers,29,4,70,125,5,,0.40,21.8,21.7,
1617velv-mibe,6134,Black Frogs,30,2,131,95,5,S2,0.20,14.8,18.8,
1617velv-mibe,11758,ATA Inventors II,31,2,68,40,5,,0.20,-5.4,-0.1,
1617velv-mibe,10721,Vikings,32,0,213,85,5,,0.00,19.7,20.1,
1617velv-mibe,12203,Monroe Titan,33,0,133,60,5,,0.00,-3.8,1.3,
1617velv-mibe,8482,Robobucs,34,0,105,65,5,,0.00,5.4,8.1,
1617velv-mibe,11759,ATA Inventors IV,35,0,91,50,5,,0.00,-10.5,-2.9,
1617velv-mibe,7858,Team Trojan,36,0,46,21,5,,0.00,-7.4,-3.0,
1617velv-mico,8734,Actuators,1,10,216,111,5,WC,1.00,41.4,39.6,
1617velv-mico,8553,Stryke Force - Screaming Eagles,2,10,97,130,5,FC,1.00,53.0,49.6,
1617velv-mico,10176,Robotex,3,8,251,95,5,SC,0.80,63.3,54.0,
1617velv-mico,7228,Stryke Force - Special Air Service,4,8,195,165,5,W1,0.80,108.9,89.7,
1617velv-mico,10813,Kearsley Scrap Rats,5,8,141,120,5,F1,0.80,57.4,51.1,
1617velv-mico,7305,The GearCats - Clague Middle School,6,8,104,165,5,SC,0.80,36.9,38.0,
1617velv-mico,9895,Robohills,7,6,280,115,5,F2,0.60,54.6,47.1,
1617velv-mico,7479,Techno Hawks - Red Team,8,6,215,90,5,W2,0.60,44.3,39.9,
1617velv-mico,8206,Kearsley Clockworks,9,6,195,90,5,S1,0.60,45.7,42.8,
1617velv-mico,5960,Iron Dams,10,6,192,115,5,S2,0.60,30.4,28.6,
1617velv-mico,10552,Concord Bot,11,6,136,65,5,,0.60,15.3,17.8,
1617velv-mico,11714,Burr Oak BossCats,12,6,135,110,5,,0.60,16.4,20.8,
1617velv-mico,9624,Spartobots,13,6,132,80,5,,0.60,18.4,18.7,
1617velv-mico,7668,Trojanbots,14,6,130,90,5,S1,0.60,23.9,25.6,
1617velv-mico,7360,The Screwdrivers,15,6,121,71,5,,0.60,17.7,19.2,
1617velv-mico,8511,Gryphon Bots,16,6,110,55,5,,0.60,8.9,12.7,
1617velv-mico,9855,Mattawan FTC RoboKats,17,6,86,75,5,,0.60,27.3,25.6,
1617velv-mico,9297,Droid Technicians (Blue),18,4,136,125,5,,0.40,16.4,20.1,
1617velv-mico,6811,Hardcore Hard Drives,19,4,136,60,5,,0.40,4.7,10.6,
1617velv-mico,7031,Battle Blazers,20,4,120,70,5,,0.40,16.3,17.1,
1617velv-mico,9070,Techno Warriors,21,4,97,130,5,S2,0.40,33.2,28.7,
1617velv-mico,11696,Bedford Botz,22,4,95,65,5,,0.40,9.0,11.4,
1617velv-mico,10678,Gear Grinders Junior 2.0,23,4,75,65,5,,0.40,13.2,13.7,
1617velv-mico,6359,Bruin Bots,24,4,70,40,5,,0.40,12.2,13.0,
1617velv-mico,10735,Engineers of the Square Table,25,4,59,35,5,,0.40,3.5,3.9,
1617velv-mico,9458,Stinging Bots,26,4,15,70,5,,0.40,7.7,8.7,
1617velv-mico,6036,Junior Robot Commander,27,2,139,80,5,,0.20,28.5,25.0,
1617velv-mico,8656,Bee Bots,28,2,126,105,5,,0.20,-7.2,3.2,
1617velv-mico,7445,Techno Hawks - Black Team,29,2,116,65,5,,0.20,11.3,12.7,
1617velv-mico,7238,Blue and White Lightning Strikes,30,2,102,90,5,,0.20,-3.5,2.4,
1617velv-mico,7792,Nindroids,31,2,91,90,5,,0.20,16.3,16.3,
1617velv-mico,10540,Gear Grinders Junior,32,2,30,85,5,,0.20,-17.0,-6.3,
1617velv-mico,8142,BeastMode Mounties,33,0,111,45,5,,0.00,-7.3,-0.5,
1617velv-mikent,5384,Emergency Situation Evacuate Now,1,10,230,130,5,SC,1.00,61.7,53.0,
1617velv-mikent,11885,The Robotic Lakers,2,10,195,125,5,FC,1.00,46.6,43.1,
1617velv-mikent,5980,Titanium Tech Vikes,3,10,155,100,5,SC,1.00,57.6,50.5,
1617velv-mikent,6283,Platinum Tech Vikes,4,8,337,115,5,WC,0.80,54.3,50.8,
1617velv-mikent,7023,HexaSonics,5,8,277,225,5,S1,0.80,122.5,104.6,
1617velv-mikent,11228,Cityside Middle School,6,8,244,125,5,F1,0.80,61.2,57.4,
1617velv-mikent,5385,Enigma Riddlers,7,8,222,115,5,S2,0.80,57.1,50.1,
1617velv-mikent,5411,G3 Geeks Gears and Gadgets Green,8,8,170,130,5,F2,0.80,33.5,34.8,
1617velv-mikent,9221,Nerd Herd,9,8,158,180,5,S2,0.80,19.9,27.0,
1617velv-mikent,5391,Enigma Puzzlers,10,7,298,160,5,W1,0.70,64.2,57.5,
1617velv-mikent,8529,Team R.O.B.O.T.I.C.S.,11,7,195,55,5,,0.70,6.6,11.7,
1617velv-mikent,11846,Wayland Wildcat Cat-a-Tech-Nics,12,6,248,66,5,,0.60,11.4,17.8,
1617velv-mikent,11987,East Grand Rapids Middle School,13,6,239,115,5,,0.60,47.6,42.0,
1617velv-mikent,10104,That OTHER Team,14,6,221,160,5,,0.60,38.3,37.6,
1617velv-mikent,10818,Bronco Robotics,15,6,168,65,5,,0.60,7.7,12.8,
1617velv-mikent,9404,CAF,16,6,161,91,5,,0.60,14.2,17.4,
1617velv-mikent,11559,Mecha Montessori,17,6,153,140,5,,0.60,25.2,30.5,
1617velv-mikent,9366,Pegabots,18,6,152,80,5,,0.60,15.8,19.5,
1617velv-mikent,5383,Neutrinos Breaking the Laws of Physics,19,5,265,225,5,S1,0.50,60.2,57.4,
1617velv-mikent,10315,Tech Hawks,20,5,218,66,5,,0.50,25.6,25.4,
1617velv-mikent,10031,Red Storm Robotics-Blue,21,4,239,100,5,,0.40,14.7,19.9,
1617velv-mikent,8621,G3: Geeks Gears & Gadgets Blue,22,4,230,160,5,W2,0.40,40.6,39.8,
1617velv-mikent,11762,Metal Storm,23,4,209,70,5,,0.40,13.0,18.5,
1617velv-mikent,11940,Reed City Middle School,24,4,169,70,5,,0.40,16.6,19.6,
1617velv-mikent,11153,The Lightning Colts,25,4,167,85,5,,0.40,15.2,17.4,
1617velv-mikent,11727,Neutrons,26,4,133,100,5,,0.40,16.5,19.9,
1617velv-mikent,6482,Red Storm Robotics-Red,27,2,216,76,5,,0.20,31.1,29.7,
1617velv-mikent,11851,East Grand Rapids Middle School,28,2,194,46,5,,0.20,23.9,22.4,
1617velv-mikent,5449,High Voltage,29,2,185,61,5,,0.20,22.2,23.0,
1617velv-mikent,6070,WOW - West Ottawa Warriors,30,2,181,55,5,,0.20,22.9,22.8,
1617velv-mikent,5292,Red Storm Robotics-White,31,2,177,85,5,,0.20,22.7,21.8,
1617velv-mikent,10319,Shawmut Hills,32,2,165,60,5,,0.20,14.8,15.5,
1617velv-mikent,11728,WOW - West Ottawa Wizards,33,0,198,75,5,,0.00,12.2,13.8,
1617velv-mikent,11098,Nuclear Norsemen,34,0,146,76,5,,0.00,11.5,13.8,
1617velv-mikent,7772,P.A.N.T.H.E.R.S.,35,0,135,60,5,,0.00,0.0,5.0,
1617velv-mikent,11999,Wyoming Robotic Warriors,36,0,110,35,5,,0.00,4.6,7.1,
1617velv-midet,8531,GA Bots,1,9,105,100,5,WC,0.90,53.4,47.7,
1617velv-midet,12113,Armadillo Pups,2,9,70,100,5,SC,0.90,24.5,23.3,
1617velv-midet,9572,ChatterBolts,3,8,135,100,5,W1,0.80,46.2,40.6,
1617velv-midet,11432,SAY Play Warriors 1,4,8,67,80,5,FC,0.80,22.9,22.5,
1617velv-midet,10210,Aztechs,5,7,55,45,5,SC,0.70,1.6,5.9,
1617velv-midet,12095,S.T.E.M Warriors,6,6,75,35,5,S1,0.60,14.4,12.8,
1617velv-midet,11176,Panthers,7,6,55,100,5,,0.60,18.4,19.3,
1617velv-midet,8377,Munger Mechanical Lions,8,6,47,50,5,,0.60,24.0,22.2,
1617velv-midet,10280,TechnoLions,9,5,37,45,5,F1,0.50,5.5,7.1,
1617velv-midet,9352,Holbrook Hawks,10,4,95,40,5,,0.40,3.4,5.9,
1617velv-midet,12177,Transformers-Mark Twain DPSCD,11,4,77,56,5,S1,0.40,9.7,11.8,
1617velv-midet,12112,GCMS Circuit Breakers,12,4,70,40,5,,0.40,12.7,12.5,
1617velv-midet,11438,SAY Play Warriors 2,13,3,120,45,5,,0.30,24.3,21.1,
1617velv-midet,11726,Hack 29th St.,14,2,100,75,5,,0.20,10.8,12.4,
1617velv-midet,11013,AHCS Cougars,15,2,75,35,5,,0.20,4.1,6.1,
1617velv-midet,10856,UPAIR,16,1,65,40,5,,0.10,-0.9,2.0,
1617velv-midet,8376,Team TACO,17,0,35,15,5,,0.00,-1.3,0.4,
1617velv-micmpd1,10477,Rapid Robots,1,10,325,160,5,SC,1.00,100.8,84.9,
1617velv-micmpd1,6043,NC GEARS,2,8,510,240,5,SC,0.80,122.8,104.5,
1617velv-micmpd1,5290,Steel Eagles,3,8,470,155,5,S1,0.80,67.2,63.8,
1617velv-micmpd1,6494,Control Freaks WHITE,4,8,450,155,5,FC,0.80,94.6,85.2,
1617velv-micmpd1,6079,Bionic Broncos,5,8,395,150,5,WC,0.80,44.1,50.3,
1617velv-micmpd1,11394,PixelBotics,6,8,320,160,5,,0.80,64.8,65.8,
1617velv-micmpd1,8845,the wild bees,7,6,477,210,5,S1,0.60,51.3,54.4,
1617velv-micmpd1,10644,CyBugs,8,6,440,240,5,,0.60,91.3,80.4,
1617velv-micmpd1,8533,CSPA Miners,9,6,430,230,5,S2,0.60,133.0,114.7,
1617velv-micmpd1,6155,MegaBots,10,6,417,160,5,,0.60,64.3,60.4,
1617velv-micmpd1,8531,GA Bots,11,6,365,180,5,,0.60,47.3,50.5,
1617velv-micmpd1,11360,Space Unicorns,12,6,360,140,5,,0.60,26.1,35.7,
1617velv-micmpd1,7049,Omega Warriors,13,6,347,145,5,,0.60,40.0,43.5,
1617velv-micmpd1,11217,Plainwell Stem Academy,14,6,310,150,5,,0.60,61.7,57.3,
1617velv-micmpd1,9476,Advanced Skilltronics,15,6,282,180,5,,0.60,53.7,49.6,
1617velv-micmpd1,10035,Robo Rangers,16,6,245,210,5,,0.60,58.3,58.0,
1617velv-micmpd1,8492,Titanium Trojans,17,5,390,130,5,,0.50,36.9,41.5,
1617velv-micmpd1,5385,Enigma Riddlers,18,5,370,120,5,,0.50,51.3,48.8,
1617velv-micmpd1,9931,Maelstrom,19,5,360,155,5,,0.50,47.6,43.1,
1617velv-micmpd1,10062,Robogators,20,5,355,130,5,,0.50,9.2,23.6,
1617velv-micmpd1,5957,Sonic Eagles,21,4,525,240,5,,0.40,82.6,77.2,
1617velv-micmpd1,7693,TECHNADOS,22,4,460,140,5,F1,0.40,44.6,49.5,
1617velv-micmpd1,7138,Mechanical Mayhem,23,4,450,120,5,,0.40,45.7,45.9,
1617velv-micmpd1,11244,Fierce Avengers,24,4,425,130,5,,0.40,48.0,45.7,
1617velv-micmpd1,8580,Oakview CyberDragons,25,4,385,135,5,W2,0.40,45.4,44.0,
1617velv-micmpd1,5411,G3 Geeks Gears and Gadgets Green,26,4,375,120,5,,0.40,39.7,43.1,
1617velv-micmpd1,5289,Martians,27,4,355,240,5,,0.40,54.1,52.6,
1617velv-micmpd1,10037,M.A.R.S. Mini Rovers,28,4,355,230,5,,0.40,35.1,44.4,
1617velv-micmpd1,9572,ChatterBolts,29,4,355,110,5,W1,0.40,47.4,45.8,
1617velv-micmpd1,8734,Actuators,30,4,317,110,5,,0.40,32.4,37.6,
1617velv-micmpd1,5383,Neutrinos Breaking the Laws of Physics,31,2,465,165,5,,0.20,38.0,43.8,
1617velv-micmpd1,11932,Tech Dogs,32,2,344,135,5,S2,0.20,37.1,35.3,
1617velv-micmpd1,5618,Control Freaks RED,33,2,342,125,5,,0.20,25.7,29.9,
1617velv-micmpd1,10611,MooTech,34,2,280,150,5,F2,0.20,15.6,24.2,
1617velv-micmpd1,8935,Twisted Metal,35,2,275,120,5,,0.20,-2.8,13.5,
1617velv-micmpd1,5391,Enigma Puzzlers,36,0,290,125,5,,0.00,15.9,19.7,
1617velv-micmpd2,7253,Raging Robots,1,10,495,155,5,WC,1.00,88.3,79.3,
1617velv-micmpd2,10614,Marysville Jr-ViBots,2,9,315,160,5,SC,0.90,82.5,75.8,
1617velv-micmpd2,8646,Team KAOS,3,8,480,155,5,FC,0.80,76.8,71.7,
1617velv-micmpd2,7023,HexaSonics,4,8,465,185,5,S1,0.80,88.8,84.0,
1617velv-micmpd2,7048,Purple Protons,5,8,460,160,5,SC,0.80,60.1,63.5,
1617velv-micmpd2,7228,Stryke Force - Special Air Service,6,8,455,200,5,,0.80,79.5,76.0,
1617velv-micmpd2,10255,RoboDux,7,8,435,200,5,W1,0.80,103.8,92.7,
1617velv-micmpd2,8579,Classical Engineers,8,8,301,190,5,,0.80,72.5,69.1,
1617velv-micmpd2,11617,Chelsea Glitch,9,7,506,135,5,,0.70,58.8,60.2,
1617velv-micmpd2,8593,No Limits,10,7,435,185,5,F1,0.70,80.3,72.7,
1617velv-micmpd2,11691,Scripps Dragons,11,7,375,190,5,W2,0.70,81.8,77.4,
1617velv-micmpd2,11276,Dream Machine,12,6,515,160,5,,0.60,68.2,65.3,
1617velv-micmpd2,8688,Marysville Jr Vi-Bots,13,6,480,165,5,S2,0.60,82.6,75.2,
1617velv-micmpd2,7902,Da Cows,14,6,480,160,5,S1,0.60,64.2,63.2,
1617velv-micmpd2,11254,Robo Rhinos,15,6,405,190,5,,0.60,58.8,58.9,
1617velv-micmpd2,5291,TOWR The Oxford Wildcats Robotics,16,6,390,190,5,,0.60,65.9,62.6,
1617velv-micmpd2,9908,The Killer Coders,17,6,290,130,5,,0.60,62.0,58.0,
1617velv-micmpd2,7837,The Thunder Colts,18,4,525,140,5,,0.40,40.5,47.1,
1617velv-micmpd2,11735,Robo Toasters Blue,19,4,425,155,5,S2,0.40,57.9,53.3,
1617velv-micmpd2,5954,Lightning Boltz,20,4,365,145,5,,0.40,44.5,45.8,
1617velv-micmpd2,6134,Black Frogs,21,4,345,115,5,,0.40,51.0,49.1,
1617velv-micmpd2,11231,Cyborg Cats,22,4,325,140,5,,0.40,31.8,37.7,
1617velv-micmpd2,6283,Platinum Tech Vikes,23,4,320,180,5,,0.40,31.6,34.8,
1617velv-micmpd2,8487,Robo Toasters Orange,24,4,305,140,5,,0.40,39.6,40.7,
1617velv-micmpd2,9855,Mattawan FTC RoboKats,25,4,295,160,5,,0.40,35.4,38.5,
1617velv-micmpd2,10176,Robotex,26,4,275,145,5,,0.40,18.6,26.0,
1617velv-micmpd2,10538,Team KILT,27,3,425,135,5,F2,0.30,34.8,39.0,
1617velv-micmpd2,9221,Nerd Herd,28,3,386,110,5,,0.30,18.3,27.7,
1617velv-micmpd2,11713,Southwest Community Campus GR,29,3,335,165,5,,0.30,25.0,29.0,
1617velv-micmpd2,8553,Stryke Force - Screaming Eagles,30,2,440,155,5,,0.20,41.9,45.3,
1617velv-micmpd2,6294,Bionic Bots,31,2,415,135,5,,0.20,50.7,50.3,
1617velv-micmpd2,10031,Red Storm Robotics-Blue,32,2,345,120,5,,0.20,13.8,23.4,
1617velv-micmpd2,5663,Twisted Devils Red,33,2,300,105,5,,0.20,29.1,33.8,
1617velv-micmpd2,6225,Synergy,34,2,240,110,5,,0.20,0.4,11.1,
1617velv-micmpd2,10016,Clarkston Robowolves,35,1,455,130,5,,0.10,28.4,35.1,
1617velv-micmpd2,7047,Mechanical Monkeys,36,0,441,120,5,,0.00,63.8,56.8,
1617velv-mnea,8712,EPIC,1,10,197,185,5,WC,1.00,109.7,92.7,
1617velv-mnea,7655,The Q is Silqent,2,10,161,185,5,W1,1.00,71.7,66.5,
1617velv-mnea,7152,Robot Squad,3,10,158,170,5,FC,1.00,91.9,78.1,
1617velv-mnea,7659,Blue Crew,4,10,146,105,5,SC,1.00,17.2,22.6,
1617velv-mnea,8686,Height Differential,5,8,150,170,5,F1,0.80,68.5,62.0,
1617velv-mnea,11299,CrushBots,6,8,71,60,5,SC,0.80,27.9,24.7,
1617velv-mnea,8977,Sunburst,7,6,160,115,5,S1,0.60,13.7,17.2,
1617velv-mnea,8729,Blue Energy,8,6,151,85,5,S1,0.60,19.7,21.3,
1617velv-mnea,8808,Ponytail Posse,9,6,130,95,5,,0.60,19.8,22.2,
1617velv-mnea,11488,Solid,10,6,115,80,5,W2,0.60,24.3,23.9,
1617velv-mnea,9257,Tread Lightly,11,6,105,110,5,,0.60,-4.4,6.6,
1617velv-mnea,11838,The Hot Comodity,12,6,85,95,5,,0.60,9.4,14.9,
1617velv-mnea,7900,The Danger Zone,13,4,251,115,5,S2,0.40,25.6,26.3,
1617velv-mnea,7231,4th Dimension,14,4,132,53,5,F2,0.40,19.9,20.4,
1617velv-mnea,9182,Short Circuits,15,2,151,35,5,S2,0.20,11.6,13.5,
1617velv-mnea,4509,Meme Team,16,2,141,53,5,,0.20,18.3,18.0,
1617velv-mnea,9258,The Glorious Dweebs,17,2,118,50,5,,0.20,13.9,14.6,
1617velv-mnea,9205,Iron Maidens,18,2,103,177,5,,0.20,22.9,24.5,
1617velv-mnea,9760,Circuit Breakerz,19,2,76,100,5,,0.20,-10.3,-1.9,
1617velv-mnea,7899,Crusaders,20,0,161,70,5,,0.00,5.4,9.6,
1617velv-mnea,8473,Blue Lightning,21,0,156,45,5,,0.00,21.4,19.7,
1617velv-mnea,11150,Thunder PengWin Robotics Team,22,0,110,50,5,,0.00,10.3,11.1,
1617velv-mnep1,9078,Ground Zero,1,10,200,95,5,FC,1.00,38.8,36.5,
1617velv-mnep1,9890,The Rubies,2,10,172,110,5,WC,1.00,52.1,49.2,
1617velv-mnep1,7288,RoboGlaciers,3,10,145,216,5,SC,1.00,42.1,40.5,
1617velv-mnep1,11581,FTC Ramhawks,4,9,95,80,5,SC,0.90,14.5,18.3,
1617velv-mnep1,9418,Tempest Automatons,5,8,125,118,5,W1,0.80,58.1,51.8,
1617velv-mnep1,10555,Tekceratops,6,6,220,216,5,F1,0.60,101.6,85.7,
1617velv-mnep1,3763,Piece of Cake,7,6,120,90,5,S2,0.60,28.9,28.2,
1617velv-mnep1,9801,Titanium Minds,8,6,95,75,5,,0.60,14.2,17.0,
1617velv-mnep1,11417,Static Screws,9,6,85,80,5,,0.60,17.6,18.6,
1617velv-mnep1,10397,Ice Breakers,10,5,220,85,5,F2,0.50,11.9,17.7,
1617velv-mnep1,3558,FireBots,11,5,125,90,5,W2,0.50,35.9,31.8,
1617velv-mnep1,11724,Northeast Middle School Robot Team,12,5,104,100,5,,0.50,16.6,17.3,
1617velv-mnep1,4650,Crusader Robotics: Monkey Mechanics,13,4,165,61,5,S2,0.40,34.2,29.4,
1617velv-mnep1,10273,Cat in The Hat Comes Back,14,4,117,55,5,S1,0.40,4.9,9.3,
1617velv-mnep1,6699,Tempest,15,4,102,75,5,S1,0.40,18.5,19.2,
1617velv-mnep1,9196,Aperture Robotics,16,4,85,110,5,,0.40,17.2,17.1,
1617velv-mnep1,11175,Providence Academy Lions,17,4,40,130,5,,0.40,22.1,22.9,
1617velv-mnep1,11615,Pantherbots,18,4,25,35,5,,0.40,2.0,3.5,
1617velv-mnep1,11566,Tough Cookies,19,2,167,118,5,,0.20,22.2,21.9,
1617velv-mnep1,7290,JagWires,20,2,132,75,5,,0.20,20.4,19.1,
1617velv-mnep1,12183,Rockets,21,2,127,80,5,,0.20,-7.6,-0.0,
1617velv-mnep1,11937,Octobots,22,2,100,45,5,,0.20,0.3,4.6,
1617velv-mnep1,8034,Easy as Pi,23,2,90,40,5,,0.20,6.0,8.4,
1617velv-mnep1,9760,Circuit Breakerz,24,0,40,20,5,,0.00,-3.7,-0.4,
1617velv-mnep2,9183,Storm Warning,1,10,97,45,5,FC,1.00,3.2,9.2,
1617velv-mnep2,7900,The Danger Zone,2,9,122,110,5,WC,0.90,56.5,47.9,
1617velv-mnep2,7972,Royal Engineers,3,8,95,70,5,F1,0.80,12.2,15.9,
1617velv-mnep2,7069,Reboot,4,8,88,85,5,SC,0.80,28.6,26.2,
1617velv-mnep2,10272,Titanium Allies,5,7,122,60,5,W1,0.70,22.2,22.9,
1617velv-mnep2,7289,Genius,6,7,100,65,5,SC,0.70,15.6,16.2,
1617velv-mnep2,7896,Into The Void,7,6,170,97,5,S2,0.60,44.8,38.2,
1617velv-mnep2,9430,Typhoons,8,6,168,97,5,S1,0.60,39.2,36.7,
1617velv-mnep2,10617,MECHATECH,9,6,150,120,5,S1,0.60,42.6,36.6,
1617velv-mnep2,3385,Extreme Speed,10,6,90,50,5,F2,0.60,17.9,17.8,
1617velv-mnep2,9617,Loose Screws,11,6,86,55,5,W2,0.60,21.7,19.4,
1617velv-mnep2,7897,The Known Laws of Aviation,12,6,62,51,5,,0.60,23.6,20.1,
1617velv-mnep2,10398,Quantum Mechanics,13,4,116,60,5,S2,0.40,14.8,16.9,
1617velv-mnep2,6721,Loose Wires,14,4,95,50,5,,0.40,6.7,10.3,
1617velv-mnep2,11949,Team Tec Man,15,4,92,80,5,,0.40,19.7,17.9,
1617velv-mnep2,7898,Loading Error,16,4,87,110,5,,0.40,15.4,18.4,
1617velv-mnep2,6708,Frozen Fire,17,4,85,80,5,,0.40,24.5,22.2,
1617velv-mnep2,6707,Robotic Ninjas,18,4,72,50,5,,0.40,9.0,9.8,
1617velv-mnep2,7282,The Copyrights,19,3,185,120,5,,0.30,13.2,17.2,
1617velv-mnep2,10471,(Insert Name Here),20,2,175,85,5,,0.20,21.3,20.2,
1617velv-mnep2,9536,Slobberbots,21,2,126,86,5,,0.20,12.6,13.7,
1617velv-mnep2,3387,I.C.E.,22,2,90,40,5,,0.20,4.1,7.4,
1617velv-mnep2,11290,TAXI K.A.B.D,23,2,81,51,5,,0.20,9.0,10.5,
1617velv-mnep2,7281,Fancy Gears,24,0,70,30,5,,0.00,-7.5,-2.0,
1617velv-mnca1,8686,Height Differential,1,10,180,95,5,WC,1.00,60.1,53.3,
1617velv-mnca1,10397,Ice Breakers,2,10,148,95,5,FC,1.00,41.7,40.2,
1617velv-mnca1,4644,Robotic Adrenaline,3,10,103,125,5,W1,1.00,66.9,58.5,
1617velv-mnca1,7232,Dyna-Bytes,4,8,157,115,5,F1,0.80,29.1,28.4,
1617velv-mnca1,8584,Robotic Spark,5,7,91,125,5,SC,0.70,36.9,35.7,
1617velv-mnca1,11581,FTC Ramhawks,6,6,150,90,5,SC,0.60,23.0,22.9,
1617velv-mnca1,8438,Quantum Leap,7,6,138,50,5,S1,0.60,11.8,14.7,
1617velv-mnca1,11667,We Robot 2,8,6,125,95,5,,0.60,25.4,25.8,
1617velv-mnca1,10471,(Insert Name Here),9,6,110,75,5,F2,0.60,13.6,16.0,
1617velv-mnca1,9801,Titanium Minds,10,6,103,52,5,S2,0.60,0.1,7.0,
1617velv-mnca1,11565,We Robot,11,6,96,65,5,S2,0.60,26.5,23.6,
1617velv-mnca1,10468,The Robotinators,12,5,190,80,5,,0.50,34.4,30.9,
1617velv-mnca1,11611,Henry FTC,13,5,176,115,5,,0.50,44.5,38.3,
1617velv-mnca1,10466,BECKER HS FTC,14,5,152,65,5,,0.50,27.5,24.8,
1617velv-mnca1,7972,Royal Engineers,15,4,143,80,5,,0.40,36.0,31.3,
1617velv-mnca1,11873,Parallax Shift,16,4,136,82,5,W2,0.40,19.7,18.9,
1617velv-mnca1,2887,Edina Bucket Brigade,17,4,101,95,5,,0.40,6.8,10.3,
1617velv-mnca1,11812,We Robot 3,18,4,90,80,5,,0.40,8.5,11.8,
1617velv-mnca1,7281,Fancy Gears,19,2,156,68,5,,0.20,27.6,25.5,
1617velv-mnca1,9964,Duluth Krakens,20,2,137,45,5,,0.20,7.4,11.0,
1617velv-mnca1,3764,Extendomatics,21,2,120,65,5,,0.20,3.2,8.9,
1617velv-mnca1,11677,MURA FTC,22,2,93,90,5,S1,0.20,3.2,8.3,
1617velv-mnca1,7282,The Copyrights,23,0,125,50,5,,0.00,10.0,10.9,
1617velv-mnca1,11844,Johnson's Jets,24,0,68,20,5,,0.00,-9.5,-3.0,
1617velv-mnca2,11270,FTC Athena,1,10,125,200,5,SC,1.00,59.6,53.6,
1617velv-mnca2,10112,KnanoKrawler,2,8,183,90,5,WC,0.80,37.3,35.7,
1617velv-mnca2,7165,Robotic Surge,3,8,183,85,5,W1,0.80,41.8,39.0,
1617velv-mnca2,11937,Octobots,4,8,145,90,5,S1,0.80,36.4,33.4,
1617velv-mnca2,6708,Frozen Fire,5,8,140,90,5,SC,0.80,35.3,34.4,
1617velv-mnca2,11941,Nativity NightHawks Blue,6,6,160,71,5,,0.60,12.0,13.7,
1617velv-mnca2,5330,Robotic Rush,7,6,158,200,5,FC,0.60,52.6,47.0,
1617velv-mnca2,10272,Titanium Allies,8,6,155,90,5,F1,0.60,27.6,26.0,
1617velv-mnca2,11906,Absolute Zero,9,6,155,56,5,,0.60,25.6,25.2,
1617velv-mnca2,11929,Crimson Robotics #5,10,6,146,88,5,,0.60,28.2,26.2,
1617velv-mnca2,6721,Loose Wires,11,6,128,90,5,S2,0.60,23.2,24.1,
1617velv-mnca2,11190,MechaDojo,12,6,125,80,5,S1,0.60,38.1,34.9,
1617velv-mnca2,6707,Robotic Ninjas,13,6,88,55,5,,0.60,-5.9,1.4,
1617velv-mnca2,11738,Dragon Pie,14,4,215,60,5,W2,0.40,29.5,28.5,
1617velv-mnca2,11608,Crimson Robotics #1,15,4,185,60,5,,0.40,15.6,17.8,
1617velv-mnca2,11872,Visible Spectrum,16,4,155,80,5,,0.40,32.5,29.5,
1617velv-mnca2,11609,Crimson Robotics #2,17,4,145,75,5,,0.40,10.7,13.7,
1617velv-mnca2,6369,Designosaurs,18,4,145,68,5,,0.40,13.1,15.1,
1617velv-mnca2,11613,Crimson Robotics #4,19,4,100,48,5,,0.40,14.1,13.6,
1617velv-mnca2,9948,A.S.A.P.,20,2,150,56,5,,0.20,10.6,13.4,
1617velv-mnca2,11612,Crimson Robotics #3,21,2,125,85,5,,0.20,19.2,19.0,
1617velv-mnca2,9459,Mythic,22,2,103,40,5,F2,0.20,7.9,9.5,
1617velv-mnca2,11935,Nativity Circuit Sisters,23,0,160,45,5,S2,0.00,10.3,12.9,
1617velv-mnca2,9949,Ununtrium,24,0,110,30,5,,0.00,-7.4,-0.9,
1617velv-mnbu1,10398,Quantum Mechanics,1,10,210,108,5,FC,1.00,78.7,62.9,
1617velv-mnbu1,5736,Stormbots,2,10,148,110,5,F1,1.00,48.6,44.0,
1617velv-mnbu1,10432,Untitled 1,3,8,250,135,5,SC,0.80,70.9,60.4,
1617velv-mnbu1,8808,Ponytail Posse,4,8,195,85,5,S1,0.80,21.8,25.7,
1617velv-mnbu1,8034,Easy as Pi,5,8,165,90,5,WC,0.80,11.8,23.2,
1617velv-mnbu1,9414,Chanhassen 5,6,8,129,245,5,SC,0.80,66.4,61.0,
1617velv-mnbu1,8919,FireStormers,7,6,255,135,5,F2,0.60,56.9,48.6,
1617velv-mnbu1,11117,St. Paul Academy and Summit School,8,6,237,110,5,W1,0.60,68.2,54.6,
1617velv-mnbu1,10470,Red Sabers,9,6,230,75,5,,0.60,11.4,18.3,
1617velv-mnbu1,3763,Piece of Cake,10,6,173,95,5,S2,0.60,16.1,21.1,
1617velv-mnbu1,9078,Ground Zero,11,6,141,245,5,S1,0.60,65.3,53.1,
1617velv-mnbu1,7589,Ciphers,12,6,128,60,5,,0.60,8.1,13.4,
1617velv-mnbu1,11621,Light Speed,13,4,255,80,5,W2,0.40,12.3,21.1,
1617velv-mnbu1,11150,Thunder PengWin Robotics Team,14,4,242,77,5,,0.40,45.5,35.5,
1617velv-mnbu1,9182,Short Circuits,15,4,155,85,5,,0.40,31.2,28.8,
1617velv-mnbu1,10469,Black Sabers,16,4,150,130,5,,0.40,-2.1,12.8,
1617velv-mnbu1,10486,Terrabots,17,4,138,110,5,,0.40,12.3,17.5,
1617velv-mnbu1,10430,Wiring Warriors,18,4,83,40,5,,0.40,21.2,15.5,
1617velv-mnbu1,11904,Black Knights,19,2,263,108,5,,0.20,4.6,15.0,
1617velv-mnbu1,8729,Blue Energy,20,2,190,60,5,S2,0.20,32.1,26.1,
1617velv-mnbu1,11459,White Sabers,21,2,188,80,5,,0.20,1.3,11.2,
1617velv-mnbu1,7646,Circuit Overlords,22,2,125,85,5,,0.20,-1.9,8.6,
1617velv-mnbu1,11566,Tough Cookies,23,0,156,50,5,,0.00,30.3,20.4,
1617velv-mnbu1,10648,I Have an Idea,24,0,150,45,5,,0.00,-4.3,6.6,
1617velv-mnbu2,10590,The Monkey Wrench Gang,1,10,165,109,5,WC,1.00,76.3,63.9,
1617velv-mnbu2,11488,Solid,2,8,162,130,5,W1,0.80,44.8,41.1,
1617velv-mnbu2,10617,MECHATECH,3,8,146,145,5,SC,0.80,99.1,83.4,
1617velv-mnbu2,11839,Metal Melters,4,8,129,130,5,FC,0.80,10.3,15.7,
1617velv-mnbu2,11819,Two Crows on a Fence,5,8,69,70,5,SC,0.80,23.8,23.7,
1617velv-mnbu2,10423,Servo Pros,6,6,124,145,5,S1,0.60,27.4,28.0,
1617velv-mnbu2,11290,TAXI K.A.B.D,7,6,111,110,5,,0.60,2.0,9.8,
1617velv-mnbu2,7588,The PRIDE,8,6,108,80,5,W2,0.60,22.1,21.0,
1617velv-mnbu2,8736,TermiRaiders,9,6,93,50,5,,0.60,16.1,15.4,
1617velv-mnbu2,11757,Rebellious Robots,10,6,88,115,5,,0.60,26.3,24.7,
1617velv-mnbu2,10077,UnBEAR-able,11,5,176,115,5,,0.50,43.9,39.7,
1617velv-mnbu2,10075,B.E.A.R.S.,12,5,125,102,5,,0.50,23.4,24.5,
1617velv-mnbu2,11409,Ursa Mechanica,13,4,186,70,5,,0.40,4.9,13.0,
1617velv-mnbu2,11417,Static Screws,14,4,160,81,5,,0.40,7.8,13.0,
1617velv-mnbu2,5962,Nordic Storm,15,4,145,81,5,S2,0.40,18.4,19.3,
1617velv-mnbu2,9196,Aperture Robotics,16,4,122,60,5,,0.40,18.5,17.6,
1617velv-mnbu2,7190,Green Girls,17,4,82,31,5,S2,0.40,1.1,5.3,
1617velv-mnbu2,10568,The Regal Kiwis,18,4,65,102,5,F2,0.40,33.3,26.6,
1617velv-mnbu2,11903,Happy Little Robots,19,3,190,80,5,,0.30,26.5,23.5,
1617velv-mnbu2,11989,Rosemount Middle Robotics 2,20,3,94,90,5,,0.30,-2.9,5.8,
1617velv-mnbu2,8980,Achievement Unlocked:Name Chosen,21,3,90,31,5,S1,0.30,16.3,12.7,
1617velv-mnbu2,9205,Iron Maidens,22,2,151,109,5,F1,0.20,27.6,27.5,
1617velv-mnbu2,10439,Iron Eagles,23,2,70,70,5,,0.20,-2.1,4.5,
1617velv-mnbu2,8967,Rosemount Middle Robotics,24,1,93,30,5,,0.10,-4.0,0.5,
1617velv-oksw,8373,Diva Force,1,10,135,120,5,WC,1.00,63.0,56.3,
1617velv-oksw,4962,Rockettes,2,7,117,125,5,FC,0.70,52.2,49.5,
1617velv-oksw,7242,RoboCats Delta Team,3,7,112,125,5,F1,0.70,44.3,37.7,
1617velv-oksw,8866,Phi-Robot 2,4,6,71,125,5,W1,0.60,39.1,35.5,
1617velv-oksw,3638,Atomic Shock,5,4,94,50,5,SC,0.40,-12.9,-3.3,
1617velv-oksw,5141,Warrior Bots,6,3,149,45,5,SC,0.30,2.5,7.9,
1617velv-oksw,7814,Weatherford Robotics Club,7,3,148,70,5,S1,0.30,11.2,13.8,
1617velv-oksw,8825,CADFish,8,2,110,100,5,S1,0.20,5.5,11.1,
1617velv-oksw,9101,RoboCats Gamma Team,9,2,66,30,5,,0.20,4.9,5.0,
1617velv-okgc,7172,Technical Difficulties,1,10,147,120,5,FC,1.00,50.9,47.4,
1617velv-okgc,11179,St. John Bosco Knights,2,8,57,45,5,SC,0.80,17.1,16.4,
1617velv-okgc,4224,Y-Not Robots,3,6,211,120,5,WC,0.60,47.1,41.6,
1617velv-okgc,10641,Atomic Gears,4,6,137,100,5,F1,0.60,41.9,37.5,
1617velv-okgc,11348,Moore High School Lions,5,6,85,65,5,SC,0.60,14.0,15.3,
1617velv-okgc,10094,Bobotics,6,5,133,80,5,S1,0.50,25.8,24.2,
1617velv-okgc,5179,Cyberstorm,7,4,126,75,5,S1,0.40,16.4,16.3,
1617velv-okgc,7452,Iron Giants,8,4,125,70,5,,0.40,4.6,9.7,
1617velv-okgc,6780,Y-Not Robots,9,4,98,55,5,W1,0.40,17.6,18.2,
1617velv-okgc,12066,Lions,10,4,82,75,5,,0.40,8.0,9.0,
1617velv-okgc,5967,RoboHornets,11,3,86,60,5,,0.30,-4.0,1.9,
1617velv-okgc,11491,Ada CouGears,12,2,88,56,5,,0.20,8.3,10.0,
1617velv-okgc,10312,BearBotics,13,2,87,40,5,,0.20,2.1,5.8,
1617velv-okbk,6238,Pixel Blue,1,7,175,70,5,SC,0.70,26.1,25.0,
1617velv-okbk,11485,Wyldcats,2,7,121,115,5,SC,0.70,28.1,27.2,
1617velv-okbk,9847,MeteorBots,3,6,247,105,5,S1,0.60,51.6,44.5,
1617velv-okbk,4378,Black Box Robotics,4,6,184,120,5,FC,0.60,75.0,63.6,
1617velv-okbk,9898,Walking Biomed,5,6,183,84,5,S1,0.60,49.0,40.9,
1617velv-okbk,6144,Pixel Red,6,6,172,76,5,WC,0.60,20.6,23.9,
1617velv-okbk,4155,Rougher Robo Royalty,7,5,210,70,5,W1,0.50,28.9,25.6,
1617velv-okbk,5553,RoboComets,8,5,200,90,5,,0.50,14.2,19.1,
1617velv-okbk,6735,Team Medusa,9,5,188,120,5,F1,0.50,14.0,18.7,
1617velv-okbk,3670,Metal Mustangs,10,5,156,115,5,,0.50,25.3,26.8,
1617velv-okbk,5044,Pirates,11,4,240,105,5,,0.40,18.2,21.2,
1617velv-okbk,8638,tadpole,12,3,180,65,5,,0.30,8.9,13.9,
1617velv-okbk,9838,elopdat,13,3,152,55,5,,0.30,15.3,15.8,
1617velv-okbk,7366,The Lab Rats,14,2,100,84,5,,0.20,-6.4,2.8,
1617velv-orcba,7470,Elite Tech,1,10,110,70,5,,1.00,26.3,23.8,
1617velv-orcba,7474,VWA,2,8,90,55,5,,0.80,24.4,22.2,
1617velv-orcba,6741,HHS Robotics,3,8,55,60,5,,0.80,20.1,20.8,
1617velv-orcba,8153,Aperture Robotics,4,6,130,70,5,,0.60,21.4,22.2,
1617velv-orcba,11887,Hermiston Middle Schools Robotics,5,6,100,60,5,,0.60,15.7,14.7,
1617velv-orcba,8096,Tiger Robotics,6,4,100,70,5,,0.40,30.6,26.1,
1617velv-orcba,10530,Robotica,7,4,75,47,5,,0.40,15.9,15.2,
1617velv-orcba,7497,Blackout,8,4,65,70,5,,0.40,11.6,12.7,
1617velv-orcba,10585,LHS Robotics,9,4,55,40,5,,0.40,8.0,7.8,
1617velv-orcba,7499,The Nerdy Girls,10,2,60,25,5,,0.20,-8.0,-2.4,
1617velv-orcba,12041,Ro-Bros,11,0,100,50,5,,0.00,1.9,5.2,
1617velv-orcbb,8590,Bear Mettle,1,10,20,60,5,,1.00,39.9,34.6,
1617velv-orcbb,10531,BB-8 Builders,2,7,35,55,5,,0.70,15.1,14.0,
1617velv-orcbb,7496,Cyberbots,3,6,55,60,5,,0.60,11.4,11.1,
1617velv-orcbb,7473,The Pride,4,5,55,60,5,,0.50,16.1,14.6,
1617velv-orcbb,9060,Smarties,5,4,35,35,5,,0.40,6.6,8.0,
1617velv-orcbb,10765,M.A.L.E.,6,3,30,35,5,,0.30,-3.6,-0.1,
1617velv-orcbb,8007,Bulldog Robotics,7,3,20,25,5,,0.30,-4.0,-1.5,
1617velv-orcbb,8890,Stanfield Robotics,8,2,30,15,5,,0.20,0.7,1.3,
1617velv-flmm,7017,Polk Overdrive,1,12,51,80,6,,1.00,30.1,27.7,
1617velv-flmm,6433,Neutrinos,2,10,136,70,6,,0.83,27.4,24.7,
1617velv-flmm,9175,Warrior Bots,3,10,86,52,6,,0.83,16.8,15.7,
1617velv-flmm,4469,Hydra Beta,4,8,132,70,6,,0.67,13.0,13.8,
1617velv-flmm,7203,KNO3,5,8,122,65,6,,0.67,32.2,28.8,
1617velv-flmm,3846,Maelstrom,6,8,92,90,6,,0.67,28.3,25.2,
1617velv-flmm,4960,Stealth Tigers,7,8,87,50,7,,0.57,-0.8,2.4,
1617velv-flmm,2845,Team Duct Tape,8,7,121,80,6,,0.58,23.6,21.2,
1617velv-flmm,3073,Massive D,9,6,76,40,7,,0.43,2.7,4.7,
1617velv-flmm,7263,The Knights of Cavalry,10,5,110,40,6,,0.42,3.1,5.5,
1617velv-flmm,11628,Coding Hope,11,5,85,40,6,,0.42,-4.3,0.0,
1617velv-flmm,4997,Masquerade,12,4,117,65,6,,0.33,15.8,15.8,
1617velv-flmm,11343,CDS Patriot Bots,13,4,84,41,6,,0.33,13.3,12.8,
1617velv-flmm,11619,14 Spicy Boiz,14,3,105,60,6,,0.25,15.2,13.3,
1617velv-flmm,11429,The Mechanical Bulls,15,2,101,32,6,,0.17,3.9,5.8,
1617velv-flmm,2425,Hydra Alpha,16,2,77,90,6,,0.17,18.6,16.9,
1617velv-flmm,11434,JagWires,17,2,62,50,6,,0.17,1.0,3.6,
1617velv-flneflmp1,10497,SwampBots,1,12,53,86,6,,1.00,62.3,53.8,
1617velv-flneflmp1,10167,Green Cove Springs Junior High,2,10,46,80,6,,0.83,18.5,19.4,
1617velv-flneflmp1,10168,LJH Gator Techs,3,6,39,50,5,,0.60,3.4,5.4,
1617velv-flneflmp1,9214,RhoBeta,4,4,43,60,5,,0.40,-0.2,3.1,
1617velv-flneflmp1,10013,Master Builders,5,4,42,50,5,,0.40,14.8,13.0,
1617velv-flneflmp1,9944,SATURN,6,4,41,86,5,,0.40,5.9,8.3,
1617velv-flneflmp1,10583,The Robotic Gladiators,7,4,38,15,6,,0.33,0.1,1.0,
1617velv-flneflmp1,8798,Aluminati Industries,8,4,36,80,5,,0.40,11.1,11.7,
1617velv-flneflmp1,8796,Clay,9,0,34,15,5,,0.00,-0.3,1.3,
1617velv-flcw1,10345,Royal Blue,1,10,193,105,5,,1.00,64.3,55.8,
1617velv-flcw1,8908,Robo Mojo,2,9,246,125,5,,0.90,77.6,67.7,
1617velv-flcw1,3101,Boom Bots,3,8,148,125,5,,0.80,42.0,39.2,
1617velv-flcw1,506,Pandara,4,7,222,100,5,,0.70,52.9,47.7,
1617velv-flcw1,409,Aluminati,5,6,220,100,5,,0.60,20.7,24.3,
1617velv-flcw1,11817,< BITS_PLEASE >,6,6,119,105,5,,0.60,19.4,22.3,
1617velv-flcw1,3123,Spontaneous Combustion,7,6,97,70,5,,0.60,17.3,18.3,
1617velv-flcw1,516,Gears of Fire,8,4,154,100,5,,0.40,23.7,24.6,
1617velv-flcw1,4163,Robo Warriors,9,4,127,71,5,,0.40,16.5,16.6,
1617velv-flcw1,3736,Serious Business,10,4,114,100,5,,0.40,38.9,34.3,
1617velv-flcw1,7415,Psychobots,11,4,91,65,5,,0.40,3.2,7.8,
1617velv-flcw1,7650,The Circuit Breakers,12,4,61,95,5,,0.40,5.0,10.1,
1617velv-flcw1,499,NanoFusion,13,3,184,100,5,,0.30,14.3,17.2,
1617velv-flcw1,11706,Robots in Paradise,14,2,177,60,5,,0.20,15.8,17.3,
1617velv-flcw1,7321,Charlotte Surge,15,2,109,80,5,,0.20,-2.8,4.1,
1617velv-flcw1,6324,Twisted Circuitz,16,1,166,100,5,,0.10,10.5,11.8,
1617velv-flpbl1a,8754,ELEKTRO,1,10,176,119,5,,1.00,64.1,55.0,
1617velv-flpbl1a,11799,Blazers Robotics 2,2,8,191,76,5,,0.80,20.1,24.2,
1617velv-flpbl1a,11555,JEDI KNIGHTS,3,8,91,85,5,,0.80,38.4,34.4,
1617velv-flpbl1a,450,Children of the Swamp,4,6,161,76,5,,0.60,45.8,40.0,
1617velv-flpbl1a,10200,Ninoxide,5,6,157,67,5,,0.60,28.8,28.6,
1617velv-flpbl1a,8844,Skeleton Albifacies,6,6,115,85,5,,0.60,28.1,25.1,
1617velv-flpbl1a,11796,TechGarage 1,7,4,82,81,5,,0.40,16.2,18.9,
1617velv-flpbl1a,7509,Blazer Robotics,8,4,78,119,5,,0.40,16.9,19.6,
1617velv-flpbl1a,10201,Tyton Owls,9,4,51,61,5,,0.40,-2.0,2.9,
1617velv-flpbl1a,6364,Pulsatrix,10,2,164,80,5,,0.20,13.9,15.7,
1617velv-flpbl1a,10745,Tech Garage 5,11,2,160,58,5,,0.20,14.0,14.6,
1617velv-flpbl1a,10205,Da Man Sowa,12,0,66,31,5,,0.00,-8.2,-2.9,
1617velv-flpbl1b,11800,TechGarage5,1,10,66,56,5,,1.00,31.8,29.0,
1617velv-flpbl1b,11798,TechGarage3,2,8,63,60,6,,0.67,21.6,19.8,
1617velv-flpbl1b,11596,Cuda,3,8,55,56,5,,0.80,24.4,22.1,
1617velv-flpbl1b,11797,TechGarage2,4,6,71,40,6,,0.50,12.1,12.0,
1617velv-flpbl1b,10746,Tech Garage 6,5,6,70,45,5,,0.60,19.4,17.4,
1617velv-flpbl1b,11599,Westgate 1,6,6,41,40,5,,0.60,7.6,8.7,
1617velv-flpbl1b,11597,Mechanical Owls,7,5,61,41,6,,0.42,2.3,4.1,
1617velv-flpbl1b,11601,Westgate 3,8,5,33,50,5,,0.50,13.2,12.9,
1617velv-flpbl1b,10606,Tech Garage,9,4,87,60,5,,0.40,18.6,18.1,
1617velv-flpbl1b,12249,Minjas,10,4,50,45,5,,0.40,6.8,8.0,
1617velv-flpbl1b,11600,Westgate 2,11,4,33,32,5,,0.40,4.6,5.8,
1617velv-flpbl1b,11605,Cabana 2,12,1,50,20,5,,0.10,2.4,3.3,
1617velv-flpbl1b,11604,Cabana 1,13,1,36,15,5,,0.10,-5.6,-2.4,
1617velv-flpbl1c,9177,RoboScots,1,12,148,80,6,,1.00,48.4,43.1,
1617velv-flpbl1c,9497,GEAR GRINDER,2,10,97,75,5,,1.00,21.6,22.0,
1617velv-flpbl1c,5257,Eagles Robotics Xperience,3,6,173,75,5,,0.60,39.7,34.4,
1617velv-flpbl1c,10206,360 Degrees,4,6,144,70,6,,0.50,18.9,19.4,
1617velv-flpbl1c,7625,Otus,5,6,118,65,5,,0.60,17.3,17.4,
1617velv-flpbl1c,6568,Jedi Knights,6,6,110,55,5,,0.60,9.8,11.5,
1617velv-flpbl1c,8551,Relentless Robotics,7,4,145,45,5,,0.40,3.9,8.7,
1617velv-flpbl1c,5158,T.I.T.A.N.S.,8,4,128,80,5,,0.40,22.2,20.9,
1617velv-flpbl1c,10743,TechGarage 3,9,4,118,55,5,,0.40,25.0,21.9,
1617velv-flpbl1c,10688,ATL Eagles Robotics,10,4,98,50,5,,0.40,7.4,9.0,
1617velv-flpbl1c,10744,TechGarage 4,11,4,91,55,5,,0.40,10.7,12.9,
1617velv-flpbl1c,9498,Robo Warriors,12,2,127,75,6,,0.17,11.3,12.8,
1617velv-flpbl1c,11551,Robot Matrix,13,0,75,30,5,,0.00,0.6,3.0,
1617velv-flrio1,9930,Robo-Knights,1,12,165,90,6,,1.00,27.9,26.8,
1617velv-flrio1,9779,PIEaters,2,12,151,130,6,,1.00,64.1,57.6,
1617velv-flrio1,7826,Mini-Moose,3,10,144,130,6,,0.83,60.9,55.2,
1617velv-flrio1,10650,HazMat Robotics Biohazards,4,8,183,115,6,,0.67,47.8,42.3,
1617velv-flrio1,11427,B^2,5,8,103,95,6,,0.67,22.6,22.2,
1617velv-flrio1,9277,HazMat Robotics Explosives,6,8,90,60,6,,0.67,28.2,26.0,
1617velv-flrio1,10050,Raccoon Robotics,7,6,149,90,6,,0.50,19.5,20.5,
1617velv-flrio1,3939,Bolts of Steel,8,6,137,75,6,,0.50,19.2,20.1,
1617velv-flrio1,9444,FLA Tech 2.0,9,6,84,60,6,,0.50,5.7,7.7,
1617velv-flrio1,6327,Fetch,10,6,79,100,6,,0.50,14.9,16.3,
1617velv-flrio1,12273,Toxic Fire,11,4,195,60,6,,0.33,15.5,16.9,
1617velv-flrio1,5937,Renaissance Robotics,12,4,156,55,6,,0.33,17.1,17.6,
1617velv-flrio1,11020,Terminators,13,4,98,81,6,,0.33,3.9,6.8,
1617velv-flrio1,10980,Cookiebytes,14,4,92,115,6,,0.33,25.2,24.5,
1617velv-flrio1,8614,Olympia Robotic Titan,15,4,15,60,6,,0.33,0.5,2.9,
1617velv-flrio1,6090,Rock Star Robotics,16,2,90,110,6,,0.17,-0.3,3.3,
1617velv-flrio1,9442,Robo Royalty,17,2,67,29,6,,0.17,0.8,2.7,
1617velv-flrio1,8601,Godly Gears,18,2,62,55,6,,0.17,-7.2,-3.3,
1617velv-flsflpr,10087,FatherBoards,1,12,150,140,6,,1.00,77.4,69.0,
1617velv-flsflpr,9110,WiredCats Junior,2,10,215,140,6,,0.83,58.8,54.0,
1617velv-flsflpr,10830,RoboPanthers2000,3,10,152,70,6,,0.83,28.8,27.4,
1617velv-flsflpr,6322,WiredCats,4,10,145,125,6,,0.83,45.6,41.5,
1617velv-flsflpr,3888,Greased Lightning,5,9,102,110,6,,0.75,30.3,29.6,
1617velv-flsflpr,10130,Crown Joules,6,7,135,80,6,,0.58,17.7,19.0,
1617velv-flsflpr,11910,REEF ROBOTICS 2,7,7,110,80,6,,0.58,7.5,10.6,
1617velv-flsflpr,5125,Raiderbots,8,6,165,70,6,,0.50,13.5,15.0,
1617velv-flsflpr,10366,WiredCats Future,9,6,150,65,6,,0.50,12.3,13.8,
1617velv-flsflpr,11204,Shark-A-Tech,10,6,145,75,6,,0.50,31.2,28.7,
1617velv-flsflpr,9986,EagleBotics Navy,11,6,130,60,6,,0.50,13.9,15.1,
1617velv-flsflpr,619,Mecha Makos,12,6,110,85,6,,0.50,20.7,21.8,
1617velv-flsflpr,10088,SharkBeta,13,5,170,130,6,,0.42,17.9,19.7,
1617velv-flsflpr,7029,Bosco's Bots,14,4,132,115,6,,0.33,13.7,13.8,
1617velv-flsflpr,7318,Phoenix Gears,15,4,125,55,6,,0.33,15.9,15.1,
1617velv-flsflpr,6321,Robo Raiders,16,4,105,65,6,,0.33,-0.3,3.5,
1617velv-flsflpr,9987,EagleBotics Gold,17,4,100,40,6,,0.33,0.3,3.1,
1617velv-flsflpr,10022,WiredCats Girls,18,2,155,45,6,,0.17,17.4,16.7,
1617velv-flsflpr,11199,Forge,19,2,72,50,6,,0.17,-1.0,2.6,
1617velv-flsflpr,5442,Half LIFE TERRA,20,0,60,20,6,,0.00,1.2,2.5,
1617velv-flscl1,7477,Super 7,1,10,240,285,5,,1.00,139.0,116.8,
1617velv-flscl1,12090,DEN IN BLACK,2,8,205,80,6,,0.67,1.1,10.9,
1617velv-flscl1,7592,Roarbots,3,8,146,125,5,,0.80,7.5,15.0,
1617velv-flscl1,8996,Pink Fluffy Bunnies,4,8,126,80,5,,0.80,52.6,45.7,
1617velv-flscl1,4717,Mechromancers,5,8,120,285,5,,0.80,61.8,55.4,
1617velv-flscl1,6323,The Pink Team,6,6,180,90,5,,0.60,40.6,36.9,
1617velv-flscl1,4227,Metal Morphosis,7,6,171,80,5,,0.60,50.1,42.8,
1617velv-flscl1,11355,Neil Team Six,8,6,160,101,5,,0.60,44.6,42.5,
1617velv-flscl1,10379,General Mission,9,6,155,90,6,,0.50,6.8,11.5,
1617velv-flscl1,10179,Tech Turtles,10,6,140,160,6,,0.50,28.5,29.9,
1617velv-flscl1,10347,General Tech,11,6,81,80,5,,0.60,12.8,15.4,
1617velv-flscl1,8392,Lift-Off!,12,4,60,140,5,,0.40,-3.8,5.3,
1617velv-flscl1,9013,Merritt Island Matrix,13,4,45,50,5,,0.40,7.2,7.4,
1617velv-flscl1,11681,BANANAS,14,2,112,45,5,,0.20,11.8,12.5,
1617velv-flscl1,8945,Touch-Down!,15,0,141,65,5,,0.00,6.2,9.6,
1617velv-flscl1,7341,F.R.E.N.C.H. F.R.I.E.S.,16,0,136,75,5,,0.00,10.2,10.8,
1617velv-flscl1,9800,HyperNovas,17,0,130,55,5,,0.00,4.2,8.0,
1617velv-flphu2,10345,Royal Blue,1,12,206,130,6,,1.00,77.3,68.5,
1617velv-flphu2,3123,Spontaneous Combustion,2,10,124,105,6,,0.83,32.5,31.3,
1617velv-flphu2,3736,Serious Business,3,10,90,100,6,,0.83,28.6,29.1,
1617velv-flphu2,8908,Robo Mojo,4,8,300,110,6,,0.67,76.6,67.4,
1617velv-flphu2,506,Pandara,5,8,275,110,6,,0.67,27.3,28.5,
1617velv-flphu2,3101,Boom Bots,6,6,195,130,6,,0.50,16.6,18.2,
1617velv-flphu2,7650,The Circuit Breakers,7,6,119,90,6,,0.50,14.8,16.7,
1617velv-flphu2,516,Gears of Fire,8,6,78,65,6,,0.50,6.6,8.4,
1617velv-flphu2,409,Aluminati,9,6,63,60,6,,0.50,10.8,11.7,
1617velv-flphu2,11817,< BITS_PLEASE >,10,4,168,95,6,,0.33,23.3,23.1,
1617velv-flphu2,4163,Robo Warriors,11,4,148,106,6,,0.33,23.2,23.3,
1617velv-flphu2,6324,Twisted Circuitz,12,4,115,85,6,,0.33,27.7,25.8,
1617velv-flphu2,7415,Psychobots,13,4,115,61,6,,0.33,0.7,3.8,
1617velv-flphu2,499,NanoFusion,14,4,101,85,6,,0.33,-5.6,-0.9,
1617velv-flphu2,11706,Robots in Paradise,15,4,56,50,6,,0.33,6.4,8.0,
1617velv-flphu2,7321,Charlotte Surge,16,0,75,40,6,,0.00,-2.5,0.5,
1617velv-flrlcc,4997,Masquerade,1,12,185,140,6,,1.00,39.9,40.0,
1617velv-flrlcc,7719,Team RISE,2,11,235,85,7,,0.79,27.5,26.1,
1617velv-flrlcc,4960,Stealth Tigers,3,9,188,125,6,,0.75,28.3,28.9,
1617velv-flrlcc,3846,Maelstrom,4,8,198,102,7,,0.57,53.2,47.9,
1617velv-flrlcc,7203,KNO3,5,8,197,195,6,,0.67,78.8,70.4,
1617velv-flrlcc,2845,Team Duct Tape,6,7,249,100,6,,0.58,39.1,35.6,
1617velv-flrlcc,4469,Hydra Beta,7,6,212,195,6,,0.50,46.7,43.6,
1617velv-flrlcc,7017,Polk Overdrive,8,6,149,102,6,,0.50,26.6,25.7,
1617velv-flrlcc,11429,The Mechanical Bulls,9,5,178,75,6,,0.42,25.8,25.1,
1617velv-flrlcc,11619,14 Spicy Boiz,10,4,126,46,6,,0.33,0.0,3.8,
1617velv-flrlcc,11434,JagWires,11,4,122,54,6,,0.33,-0.8,4.5,
1617velv-flrlcc,8387,Biohazardous,12,4,119,47,6,,0.33,2.7,4.7,
1617velv-flrlcc,11710,RoboRaiders,13,4,96,91,6,,0.33,16.9,16.9,
1617velv-flrlcc,9175,Warrior Bots,14,2,197,65,6,,0.17,0.3,5.9,
1617velv-flrlcc,2425,Hydra Alpha,15,2,153,45,6,,0.17,-9.0,-2.2,
1617velv-flscl2,7477,Super 7,1,12,344,141,6,,1.00,89.5,79.5,
1617velv-flscl2,7592,Roarbots,2,10,245,155,6,,0.83,46.6,45.7,
1617velv-flscl2,4717,Mechromancers,3,8,425,175,6,,0.67,89.6,78.9,
1617velv-flscl2,11355,Neil Team Six,4,8,425,155,6,,0.67,86.9,77.9,
1617velv-flscl2,9013,Merritt Island Matrix,5,8,308,130,6,,0.67,35.1,35.2,
1617velv-flscl2,8996,Pink Fluffy Bunnies,6,8,259,135,6,,0.67,33.8,36.1,
1617velv-flscl2,6323,The Pink Team,7,6,424,115,6,,0.50,39.8,41.8,
1617velv-flscl2,11681,BANANAS,8,6,281,141,6,,0.50,27.8,30.5,
1617velv-flscl2,10347,General Tech,9,6,279,110,6,,0.50,17.2,22.0,
1617velv-flscl2,4227,Metal Morphosis,10,6,277,135,6,,0.50,42.9,41.2,
1617velv-flscl2,12413,Crooms Robotics,11,6,235,175,6,,0.50,26.7,30.1,
1617velv-flscl2,12245,Cobalt,12,4,275,115,6,,0.33,10.7,16.6,
1617velv-flscl2,12090,DEN IN BLACK,13,4,212,65,6,,0.33,18.0,18.7,
1617velv-flscl2,10334,Invaders,14,2,305,85,6,,0.17,6.2,13.2,
1617velv-flscl2,9800,HyperNovas,15,2,295,95,6,,0.17,19.8,21.3,
1617velv-flscl2,10379,General Mission,16,0,215,55,6,,0.00,14.9,15.8,
1617velv-flte1,9277,HazMat Robotics Explosives,1,10,208,119,5,,1.00,62.6,54.8,
1617velv-flte1,5070,N.U.T.S.,2,10,123,75,5,,1.00,25.5,26.2,
1617velv-flte1,5937,Renaissance Robotics,3,8,166,80,5,,0.80,26.7,27.0,
1617velv-flte1,7826,Mini-Moose,4,8,132,110,5,,0.80,65.0,57.0,
1617velv-flte1,10980,Cookiebytes,5,8,112,40,5,,0.80,14.2,14.7,
1617velv-flte1,9442,Robo Royalty,6,8,98,119,5,,0.80,27.4,27.7,
1617velv-flte1,9930,Robo-Knights,7,8,92,110,5,,0.80,40.7,37.8,
1617velv-flte1,10650,HazMat Robotics Biohazards,8,6,186,110,5,,0.60,28.3,28.1,
1617velv-flte1,8601,Godly Gears,9,6,153,70,5,,0.60,18.8,18.8,
1617velv-flte1,6327,Fetch,10,6,117,85,5,,0.60,23.5,23.2,
1617velv-flte1,3939,Bolts of Steel,11,4,162,50,6,,0.33,20.3,19.4,
1617velv-flte1,6379,Clockwork Mania,12,4,141,41,5,,0.40,6.5,10.1,
1617velv-flte1,12273,Toxic Fire,13,4,112,61,5,,0.40,12.3,12.9,
1617velv-flte1,11499,Pink Pelicans,14,4,105,50,5,,0.40,15.1,14.7,
1617velv-flte1,11020,Terminators,15,4,82,100,5,,0.40,9.3,11.5,
1617velv-flte1,7579,B.E.A.R.S.,16,4,49,36,5,,0.40,-3.1,0.4,
1617velv-flte1,6090,Rock Star Robotics,17,2,178,41,6,,0.17,21.0,19.3,
1617velv-flte1,10179,Tech Turtles,18,2,121,60,5,,0.20,14.2,14.4,
1617velv-flte1,9444,FLA Tech 2.0,19,2,120,60,5,,0.20,11.1,13.8,
1617velv-flte1,7142,Deceptidogs,20,2,116,55,5,,0.20,8.9,10.5,
1617velv-flte1,10050,Raccoon Robotics,21,2,111,40,5,,0.20,8.1,9.8,
1617velv-flte1,8614,Olympia Robotic Titan,22,0,100,30,5,,0.00,3.6,6.3,
1617velv-flneflmp2,9944,SATURN,1,11,127,110,6,,0.92,57.0,49.7,
1617velv-flneflmp2,10670,Fatherboards,2,9,113,50,6,,0.75,26.6,23.3,
1617velv-flneflmp2,10013,Master Builders,3,7,129,102,6,,0.58,30.2,27.6,
1617velv-flneflmp2,10497,SwampBots,4,7,117,62,6,,0.58,21.4,19.6,
1617velv-flneflmp2,8797,Oakleaf High School,5,7,113,50,6,,0.58,12.7,14.2,
1617velv-flneflmp2,10168,LJH Gator Techs,6,7,104,62,6,,0.58,16.4,16.0,
1617velv-flneflmp2,12102,Patriot Programmers,7,7,70,47,6,,0.58,20.7,17.7,
1617velv-flneflmp2,10385,RoboTech Warriors,8,7,62,47,6,,0.58,5.2,7.8,
1617velv-flneflmp2,10768,Middleburg High School,9,5,127,110,6,,0.42,15.3,16.4,
1617velv-flneflmp2,9938,Baldwin Middle/Senior,10,5,120,50,6,,0.42,11.3,12.3,
1617velv-flneflmp2,10584,Keystone Heights High School,11,5,115,104,6,,0.42,9.7,11.9,
1617velv-flneflmp2,11774,Palatka High School Robo-Panthers,12,5,85,45,6,,0.42,10.6,9.6,
1617velv-flneflmp2,11263,TechnoMancers,13,5,75,50,6,,0.42,-3.9,1.1,
1617velv-flneflmp2,8799,Lake Asbury Junior,14,5,60,50,6,,0.42,7.6,8.4,
1617velv-flneflmp2,11465,Fort White Indibots,15,3,115,40,6,,0.25,4.0,6.4,
1617velv-flneflmp2,8796,Clay,16,1,64,17,6,,0.08,-2.7,-0.2,
1617velv-flrlkp,7203,KNO3,1,16,370,195,8,,1.00,153.5,135.8,
1617velv-flrlkp,2845,Team Duct Tape,2,10,332,105,8,,0.63,41.9,39.0,
1617velv-flrlkp,4960,Stealth Tigers,3,10,325,180,9,,0.56,19.0,21.1,
1617velv-flrlkp,2425,Hydra Alpha,4,10,167,80,6,,0.83,34.0,31.8,
1617velv-flrlkp,7719,Team RISE,5,8,325,185,8,,0.50,21.8,25.8,
1617velv-flrlkp,9175,Warrior Bots,6,8,156,195,6,,0.67,23.1,26.3,
1617velv-flrlkp,7017,Polk Overdrive,7,8,145,62,6,,0.67,32.6,30.8,
1617velv-flrlkp,11429,The Mechanical Bulls,8,6,180,180,6,,0.50,19.6,22.8,
1617velv-flrlkp,11619,14 Spicy Boiz,9,6,155,150,6,,0.50,-1.2,6.1,
1617velv-flrlkp,4469,Hydra Beta,10,6,130,75,7,,0.43,23.6,21.6,
1617velv-flrlkp,7263,The Knights of Cavalry,11,4,162,80,6,,0.33,19.9,19.1,
1617velv-flrlkp,10204,Robotic Bacon Eating Narwhals,12,4,146,65,6,,0.33,15.1,16.1,
1617velv-flrlkp,8387,Biohazardous,13,4,145,165,6,,0.33,10.3,14.1,
1617velv-flrlkp,11628,Coding Hope,14,4,121,50,6,,0.33,12.6,13.3,
1617velv-flrlkp,11434,JagWires,15,4,73,62,6,,0.33,10.3,11.0,
1617velv-flrlkp,11343,CDS Patriot Bots,16,2,140,75,6,,0.17,11.2,13.1,
1617velv-flrlkp,11710,RoboRaiders,17,2,120,130,6,,0.17,-2.3,4.0,
1617velv-flpbl21,11800,TechGarage5,1,8,68,55,5,,0.80,15.8,15.4,
1617velv-flpbl21,11599,Westgate 1,2,8,50,55,5,,0.80,22.5,20.7,
1617velv-flpbl21,11596,Cuda,3,6,86,31,5,,0.60,11.6,11.5,
1617velv-flpbl21,11601,Westgate 3,4,6,72,31,5,,0.60,8.8,9.3,
1617velv-flpbl21,11605,Cabana 2,5,6,60,35,5,,0.60,8.0,9.0,
1617velv-flpbl21,10746,Tech Garage 6,6,6,58,50,5,,0.60,18.0,17.0,
1617velv-flpbl21,11602,Westgate 4,7,6,54,45,5,,0.60,13.1,12.9,
1617velv-flpbl21,10606,Tech Garage,8,6,52,50,5,,0.60,23.7,21.9,
1617velv-flpbl21,11798,TechGarage3,9,6,42,45,5,,0.60,16.1,15.4,
1617velv-flpbl21,11797,TechGarage2,10,6,41,50,5,,0.60,15.3,14.6,
1617velv-flpbl21,11604,Cabana 1,11,4,80,55,5,,0.40,17.4,16.8,
1617velv-flpbl21,11597,Mechanical Owls,12,4,63,31,5,,0.40,2.6,4.5,
1617velv-flpbl21,12228,CATS2,13,4,58,55,5,,0.40,14.6,13.8,
1617velv-flpbl21,12249,Minjas,14,2,52,35,5,,0.20,2.9,4.6,
1617velv-flpbl21,12226,CATS FTC 1,15,2,46,30,5,,0.20,3.5,4.6,
1617velv-flpbl21,11600,Westgate 2,16,0,54,20,5,,0.00,0.6,2.3,
1617velv-flpbl22,450,Children of the Swamp,1,10,125,85,5,,1.00,43.0,37.7,
1617velv-flpbl22,7509,Blazer Robotics,2,10,120,100,5,,1.00,39.9,37.3,
1617velv-flpbl22,11796,TechGarage 1,3,10,100,100,5,,1.00,57.4,49.3,
1617velv-flpbl22,6364,Pulsatrix,4,8,159,155,5,,0.80,47.4,42.0,
1617velv-flpbl22,5257,Eagles Robotics Xperience,5,8,135,155,5,,0.80,75.0,63.7,
1617velv-flpbl22,10200,Ninoxide,6,8,118,75,5,,0.80,15.8,20.8,
1617velv-flpbl22,10743,TechGarage 3,7,6,115,60,5,,0.60,8.6,11.9,
1617velv-flpbl22,11799,Blazers Robotics 2,8,6,110,120,5,,0.60,6.6,12.2,
1617velv-flpbl22,9207,Skynet,9,5,85,85,5,,0.50,8.4,12.4,
1617velv-flpbl22,10206,360 Degrees,10,5,76,50,5,,0.50,3.4,7.2,
1617velv-flpbl22,8844,Skeleton Albifacies,11,5,68,81,5,,0.50,11.9,16.5,
1617velv-flpbl22,10688,ATL Eagles Robotics,12,4,75,75,5,,0.40,12.8,15.0,
1617velv-flpbl22,11551,Robot Matrix,13,3,148,55,5,,0.30,14.9,15.9,
1617velv-flpbl22,7625,Otus,14,3,130,75,6,,0.25,22.5,19.4,
1617velv-flpbl22,5158,T.I.T.A.N.S.,15,2,96,71,5,,0.20,11.8,14.0,
1617velv-flpbl22,8551,Relentless Robotics,16,1,136,36,5,,0.10,17.9,16.4,
1617velv-flpbl22,10744,TechGarage 4,17,1,110,35,5,,0.10,2.2,5.4,
1617velv-flpbl22,6568,Jedi Knights,18,1,80,35,5,,0.10,4.4,5.8,
1617velv-flpbl22,9498,Robo Warriors,19,0,90,35,5,,0.00,9.9,10.2,
1617velv-flpg,8908,Robo Mojo,1,12,335,155,6,,1.00,91.1,82.6,
1617velv-flpg,10345,Royal Blue,2,9,370,100,6,,0.75,59.6,54.7,
1617velv-flpg,506,Pandara,3,9,360,130,6,,0.75,70.6,65.7,
1617velv-flpg,7321,Charlotte Surge,4,8,295,100,6,,0.67,38.2,38.0,
1617velv-flpg,409,Aluminati,5,8,245,155,6,,0.67,34.8,35.6,
1617velv-flpg,9762,Radio Active,6,6,345,130,7,,0.43,28.6,29.7,
1617velv-flpg,516,Gears of Fire,7,6,185,115,7,,0.43,11.8,14.7,
1617velv-flpg,6324,Twisted Circuitz,8,5,200,100,6,,0.42,14.1,16.8,
1617velv-flpg,7524,Eisenschrek,9,4,300,75,6,,0.33,17.5,20.6,
1617velv-flpg,7650,The Circuit Breakers,10,4,290,115,6,,0.33,25.9,27.4,
1617velv-flpg,499,NanoFusion,11,4,260,130,6,,0.33,31.9,32.7,
1617velv-flpg,3736,Serious Business,12,4,220,100,6,,0.33,18.3,20.5,
1617velv-flpg,3101,Boom Bots,13,1,315,100,6,,0.08,19.1,21.5,
1617velv-flsf2,10830,RoboPanthers2000,1,10,317,155,6,,0.83,71.8,63.3,
1617velv-flsf2,10087,FatherBoards,2,10,242,140,6,,0.83,69.0,62.5,
1617velv-flsf2,11204,Shark-A-Tech,3,10,189,125,6,,0.83,18.2,22.5,
1617velv-flsf2,6322,WiredCats,4,8,246,105,6,,0.67,30.9,32.7,
1617velv-flsf2,10088,SharkBeta,5,8,237,145,6,,0.67,53.4,49.5,
1617velv-flsf2,5125,Raiderbots,6,8,234,120,6,,0.67,29.4,30.0,
1617velv-flsf2,9110,WiredCats Junior,7,8,223,145,6,,0.67,69.2,62.1,
1617velv-flsf2,9987,EagleBotics Gold,8,8,165,140,6,,0.67,36.5,35.6,
1617velv-flsf2,619,Mecha Makos,9,6,370,105,6,,0.50,58.3,51.9,
1617velv-flsf2,11199,Forge,10,6,340,105,7,,0.43,41.9,39.6,
1617velv-flsf2,10022,WiredCats Girls,11,6,297,120,6,,0.50,34.5,33.9,
1617velv-flsf2,7318,Phoenix Gears,12,6,287,155,6,,0.50,34.7,34.9,
1617velv-flsf2,11650,TechTiger Robotics,13,6,166,120,6,,0.50,19.2,22.0,
1617velv-flsf2,10366,WiredCats Future,14,6,156,70,6,,0.50,8.6,12.4,
1617velv-flsf2,10130,Crown Joules,15,4,210,100,6,,0.33,14.8,18.3,
1617velv-flsf2,5442,Half LIFE TERRA,16,4,189,80,6,,0.33,9.8,13.3,
1617velv-flsf2,3888,Greased Lightning,17,4,182,110,6,,0.33,24.6,24.2,
1617velv-flsf2,7029,Bosco's Bots,18,4,162,55,6,,0.33,11.6,13.6,
1617velv-flsf2,6321,Robo Raiders,19,4,135,110,6,,0.33,-0.3,6.3,
1617velv-flsf2,11910,REEF ROBOTICS 2,20,2,251,105,7,,0.14,12.9,15.5,
1617velv-flsf2,9986,EagleBotics Navy,21,0,138,40,6,,0.00,-2.1,1.7,
1617velv-flneflmt1,4717,Mechromancers,1,10,247,235,5,,1.00,144.8,119.1,
1617velv-flneflmt1,11774,Palatka High School Robo-Panthers,2,10,163,160,5,,1.00,16.9,27.0,
1617velv-flneflmt1,10497,SwampBots,3,9,275,235,5,,0.90,60.1,56.7,
1617velv-flneflmt1,9938,Baldwin Middle/Senior,4,8,177,140,5,,0.80,7.9,17.6,
1617velv-flneflmt1,10168,LJH Gator Techs,5,8,148,106,5,,0.80,23.3,25.2,
1617velv-flneflmt1,10179,Tech Turtles,6,7,259,90,5,,0.70,58.2,48.6,
1617velv-flneflmt1,11892,Hilliard High School Flashes,7,7,205,80,5,,0.70,22.6,24.2,
1617velv-flneflmt1,9944,SATURN,8,6,276,106,5,,0.60,60.6,51.7,
1617velv-flneflmt1,4227,Metal Morphosis,9,4,270,80,5,,0.40,61.6,50.1,
1617velv-flneflmt1,10385,RoboTech Warriors,10,4,268,76,5,,0.40,49.6,42.2,
1617velv-flneflmt1,9435,Mechanical Eagles,11,4,203,70,6,,0.33,20.4,21.2,
1617velv-flneflmt1,12102,Patriot Programmers,12,4,173,175,5,,0.40,13.5,22.5,
1617velv-flneflmt1,9937,Gamma Rays Atlantic Coast High,13,4,161,90,5,,0.40,17.7,16.3,
1617velv-flneflmt1,10768,Middleburg High School,14,4,145,75,5,,0.40,11.9,16.3,
1617velv-flneflmt1,10167,Green Cove Springs Junior High,15,4,116,76,5,,0.40,-0.9,5.4,
1617velv-flneflmt1,10013,Master Builders,16,4,116,71,5,,0.40,28.7,26.2,
1617velv-flneflmt1,10276,talknerdytome,17,3,206,71,6,,0.25,22.0,19.9,
1617velv-flneflmt1,11593,Brainstormers,18,2,211,76,5,,0.20,13.5,19.7,
1617velv-flneflmt1,10583,The Robotic Gladiators,19,2,206,70,5,,0.20,23.3,24.5,
1617velv-flneflmt1,11465,Fort White Indibots,20,2,199,82,5,,0.20,15.5,18.0,
1617velv-flneflmt1,9075,The Funky Bunch,21,2,164,96,6,,0.17,-16.6,-2.5,
1617velv-wvcmp,5040,Loveland Nuts & Bolts,1,8,355,175,5,SC,0.80,75.4,71.1,
1617velv-wvcmp,8393,BrainSTEM,2,8,320,150,5,FC,0.80,71.7,64.9,
1617velv-wvcmp,8645,Robotic Doges,3,8,310,135,5,SC,0.80,91.9,78.1,
1617velv-wvcmp,6054,int elligence,4,8,245,135,5,WC,0.80,37.2,42.7,
1617velv-wvcmp,11362,M Cubed,5,6,320,125,5,W1,0.60,30.6,36.1,
1617velv-wvcmp,6029,Robowiz,6,6,310,135,5,F2,0.60,25.8,31.5,
1617velv-wvcmp,6253,Avalanche,7,6,280,135,5,S1,0.60,53.6,49.1,
1617velv-wvcmp,2821,CART,8,6,265,105,5,,0.60,12.5,21.1,
1617velv-wvcmp,6700,X BOTS,9,6,260,170,5,W2,0.60,81.6,70.3,
1617velv-wvcmp,8297,Geared UP!,10,6,260,170,5,S2,0.60,43.8,44.4,
1617velv-wvcmp,5421,RM'd and Dangerous,11,6,225,120,5,,0.60,44.4,37.6,
1617velv-wvcmp,4318,Green Machine Reloaded,12,4,405,150,5,F1,0.40,71.3,63.5,
1617velv-wvcmp,5414,Tri Robotics,13,4,250,175,5,S1,0.40,55.6,50.3,
1617velv-wvcmp,9872,(In)Formal Logic,14,4,225,110,5,S2,0.40,15.3,22.5,
1617velv-wvcmp,4106,Supposable Thumbs,15,4,200,130,5,,0.40,32.1,29.1,
1617velv-wvcmp,11261,Protectors of Rupert,16,4,185,90,5,,0.40,21.5,21.8,
1617velv-wvcmp,10353,Metal Works,17,4,155,135,5,,0.40,18.8,26.3,
1617velv-wvcmp,6987,HatTrix,18,2,295,85,5,,0.20,10.4,16.4,
1617velv-wvcmp,8498,The Evil Purple Sox,19,2,210,110,5,,0.20,15.2,20.7,
1617velv-wvcmp,118,Steel Hornets,20,2,155,90,5,,0.20,11.1,14.0,
1617velv-wvcmp,8395,ARC Systems,21,0,255,85,5,,0.00,8.5,16.8,
1617velv-vaced1,9631,CyberKnights,1,10,135,80,5,WC,1.00,34.1,30.7,
1617velv-vaced1,4924,Tuxedo Pandas,2,8,140,127,5,W1,0.80,53.8,47.3,
1617velv-vaced1,9918,RAD,3,7,114,60,5,FC,0.70,25.9,22.0,
1617velv-vaced1,8094,Robotic Rampage,4,7,85,55,5,SC,0.70,26.5,23.9,
1617velv-vaced1,3804,Team Snuffleupagus,5,7,74,70,5,SC,0.70,35.0,28.5,
1617velv-vaced1,7039,Lord of the Bricks,6,6,98,100,5,S1,0.60,32.0,27.6,
1617velv-vaced1,8474,Wolverines,7,6,78,35,5,,0.60,0.3,3.4,
1617velv-vaced1,11991,Futaba B,8,6,52,45,5,,0.60,1.6,5.5,
1617velv-vaced1,10362,RIP: Robots in Powhatan,9,6,36,55,5,S2,0.60,-6.8,0.1,
1617velv-vaced1,9069,F.A.R.,10,6,34,40,5,S1,0.60,6.5,8.5,
1617velv-vaced1,6124,Geek Gods,11,6,11,100,5,W2,0.60,25.9,22.6,
1617velv-vaced1,3668,Smokie Jr.,12,5,72,75,5,,0.50,10.6,12.7,
1617velv-vaced1,12088,NIght Vipers,13,5,60,55,5,,0.50,2.1,6.1,
1617velv-vaced1,7217,Hail Hydraulics,14,5,50,30,5,,0.50,3.0,4.6,
1617velv-vaced1,8095,Bulldogs,15,4,90,75,5,F1,0.40,25.0,22.7,
1617velv-vaced1,10570,CAT5 CyberCanes,16,4,88,127,5,S2,0.40,27.5,25.2,
1617velv-vaced1,11368,Robots at the Center of the Universe RATCOTU,17,4,37,70,5,,0.40,11.6,12.9,
1617velv-vaced1,6295,Big Bang Robotics,18,4,22,80,5,,0.40,9.3,9.8,
1617velv-vaced1,9337,Aluminati,19,4,20,45,5,,0.40,-2.2,1.1,
1617velv-vaced1,975,Synergy,20,2,65,40,5,,0.20,6.0,7.3,
1617velv-vaced1,11484,JMHS Robotics,21,2,40,35,5,,0.20,-4.9,-0.3,
1617velv-vaced1,5648,TekTwisters 2.0,22,2,39,33,5,F2,0.20,6.1,5.5,
1617velv-vaced1,7862,Avengineers,23,0,45,15,5,,0.00,0.4,1.5,
1617velv-vaced2,3749,Bionic Penguins,1,8,147,60,5,FC,0.80,25.8,23.3,
1617velv-vaced2,8275,Tech Busters,2,8,125,80,5,F1,0.80,31.1,28.7,
1617velv-vaced2,6481,TechnoMancers,3,8,97,50,5,SC,0.80,19.1,18.4,
1617velv-vaced2,6158,Spartabots,4,8,93,60,5,S1,0.80,33.9,29.0,
1617velv-vaced2,9202,Her Majesty's Engineers,5,8,78,60,5,WC,0.80,32.0,27.7,
1617velv-vaced2,10567,Voltage,6,8,73,37,5,SC,0.80,3.8,7.3,
1617velv-vaced2,7844,Ratchet Bots,7,6,117,80,5,S1,0.60,27.8,25.6,
1617velv-vaced2,6027,L.E.D. Empire,8,6,81,35,5,F2,0.60,5.3,7.5,
1617velv-vaced2,12017,Lucille Murray Brown Middle School,9,6,60,130,5,S2,0.60,26.4,24.0,
1617velv-vaced2,8910,Veritas School,10,5,85,65,5,W1,0.50,21.1,19.4,
1617velv-vaced2,364,Warrior Geeks,11,5,28,40,5,,0.50,4.3,5.7,
1617velv-vaced2,7090,First Appalachian Robotics,12,4,95,35,5,S2,0.40,10.5,10.7,
1617velv-vaced2,12012,Nescio,13,4,93,65,5,,0.40,21.4,19.3,
1617velv-vaced2,12019,Boushall Middle School,14,4,82,50,5,,0.40,13.2,12.4,
1617velv-vaced2,11422,Tunstall Titans,15,4,82,40,5,,0.40,10.2,11.8,
1617velv-vaced2,5431,Royal Phoenix,16,4,68,60,5,,0.40,0.4,4.9,
1617velv-vaced2,4323,iCATZ,17,4,67,130,5,W2,0.40,30.1,27.1,
1617velv-vaced2,11209,Code Crushing Griffins,18,4,55,60,5,,0.40,14.3,14.6,
1617velv-vaced2,9422,Steve & Friends INC.,19,4,31,45,5,,0.40,6.2,7.4,
1617velv-vaced2,11700,AISeahorse,20,3,36,45,5,,0.30,4.1,5.8,
1617velv-vaced2,9882,Spegonauts,21,2,60,20,5,,0.20,3.1,4.7,
1617velv-vaced2,3116,Robo Warriors,22,1,30,10,5,,0.10,-11.5,-6.3,
1617velv-vaced2,10306,Seahorses,23,0,53,25,5,,0.00,-2.4,0.4,
1617velv-calaf2m1,6372,Patriotic Robotics,1,9,100,80,5,,0.90,46.1,40.8,
1617velv-calaf2m1,7833,Imperial Tech Robotics,2,7,105,50,5,,0.70,13.1,15.5,
1617velv-calaf2m1,11971,Farquaad Star Squaad,3,5,105,65,5,,0.50,16.7,16.2,
1617velv-calaf2m1,7832,Gear Gurus,4,5,100,50,5,,0.50,17.1,17.1,
1617velv-calaf2m1,12109,Retrofuturism,5,2,75,80,5,,0.20,8.4,10.1,
1617velv-calaf2m1,5827,Robo Hazard,6,2,65,75,5,,0.20,5.0,7.9,
